/*******************************************************************************
 * Size: 20 px
 * Bpp: 8
 * Opts: --bpp 8 --size 20 --no-compress --font ../../Library/Application Support/eezstudio/fonts/DSEG14-Classic/DSEG14Classic-Bold.ttf --range 32-127 --format lvgl
 ******************************************************************************/

#ifdef __has_include
    #if __has_include("lvgl.h")
        #ifndef LV_LVGL_H_INCLUDE_SIMPLE
            #define LV_LVGL_H_INCLUDE_SIMPLE
        #endif
    #endif
#endif

#ifdef LV_LVGL_H_INCLUDE_SIMPLE
    #include "lvgl.h"
#else
    #include "lvgl/lvgl.h"
#endif

#ifndef UI_FONT_DSEG14_CLASSIC_BOLD_20
#define UI_FONT_DSEG14_CLASSIC_BOLD_20 1
#endif

#if UI_FONT_DSEG14_CLASSIC_BOLD_20

/*-----------------
 *    BITMAPS
 *----------------*/

/*Store the image of the glyphs*/
static LV_ATTRIBUTE_LARGE_CONST const uint8_t glyph_bitmap[] = {
    /* U+0020 " " */

    /* U+0021 "!" */

    /* U+0022 "\"" */
    0x1, 0xb5, 0x27, 0x0, 0x0, 0x0, 0x0, 0x0,
    0x0, 0x4, 0xff, 0xe7, 0x26, 0x0, 0x0, 0x0,
    0x0, 0x0, 0x4, 0xff, 0xff, 0x74, 0x0, 0x14,
    0xff, 0xff, 0x68, 0x4, 0xff, 0xff, 0x74, 0x0,
    0x14, 0xff, 0xff, 0x68, 0x4, 0xff, 0xff, 0x74,
    0x0, 0x14, 0xff, 0xff, 0x68, 0x4, 0xff, 0xff,
    0x74, 0x0, 0x14, 0xff, 0xff, 0x68, 0x4, 0xff,
    0xff, 0x74, 0x0, 0xd, 0xfb, 0xff, 0x5c, 0x4,
    0xff, 0xff, 0x66, 0x0, 0x0, 0x93, 0xdd, 0x7,
    0x4, 0xff, 0x9e, 0x1, 0x0, 0x0, 0x12, 0x46,
    0x0,

    /* U+0024 "$" */
    0x0, 0x6, 0xd8, 0xff, 0xff, 0xff, 0xff, 0xff,
    0xff, 0xff, 0xff, 0xfb, 0x30, 0x0, 0x1, 0xd3,
    0x84, 0xf8, 0xff, 0xff, 0xff, 0xff, 0xff, 0xff,
    0xff, 0x8f, 0x0, 0x0, 0x4, 0xff, 0xf3, 0x74,
    0x7c, 0x7e, 0x98, 0x98, 0x87, 0x7c, 0x65, 0x0,
    0x0, 0x0, 0x4, 0xff, 0xff, 0x74, 0x0, 0x14,
    0xff, 0xff, 0x68, 0x0, 0x0, 0x0, 0x0, 0x0,
    0x4, 0xff, 0xff, 0x74, 0x0, 0x14, 0xff, 0xff,
    0x68, 0x0, 0x0, 0x0, 0x0, 0x0, 0x4, 0xff,
    0xff, 0x74, 0x0, 0x14, 0xff, 0xff, 0x68, 0x0,
    0x0, 0x0, 0x0, 0x0, 0x4, 0xff, 0xff, 0x74,
    0x0, 0x14, 0xff, 0xff, 0x68, 0x0, 0x0, 0x0,
    0x0, 0x0, 0x4, 0xff, 0xff, 0x74, 0x0, 0xd,
    0xfc, 0xff, 0x5d, 0x0, 0x0, 0x0, 0x0, 0x0,
    0x4, 0xff, 0xff, 0x68, 0x0, 0x0, 0x96, 0xdf,
    0x8, 0x0, 0x0, 0x0, 0x0, 0x0, 0x4, 0xff,
    0xae, 0xbe, 0xff, 0xff, 0x93, 0x79, 0xfc, 0xff,
    0xe5, 0x25, 0x0, 0x0, 0x0, 0x8, 0x38, 0xf7,
    0xff, 0xff, 0xbc, 0x79, 0xff, 0xff, 0xff, 0x90,
    0x7e, 0x2c, 0x0, 0x0, 0x0, 0x3c, 0x78, 0x78,
    0x81, 0xad, 0x74, 0x78, 0x6d, 0xd3, 0xff, 0x58,
    0x0, 0x0, 0x0, 0x0, 0x0, 0x6, 0xe4, 0xff,
    0x3e, 0x0, 0x24, 0xff, 0xff, 0x58, 0x0, 0x0,
    0x0, 0x0, 0x0, 0x14, 0xff, 0xff, 0x68, 0x0,
    0x24, 0xff, 0xff, 0x58, 0x0, 0x0, 0x0, 0x0,
    0x0, 0x14, 0xff, 0xff, 0x68, 0x0, 0x24, 0xff,
    0xff, 0x58, 0x0, 0x0, 0x0, 0x0, 0x0, 0x14,
    0xff, 0xff, 0x68, 0x0, 0x24, 0xff, 0xff, 0x58,
    0x0, 0x0, 0x0, 0x0, 0x0, 0x14, 0xff, 0xff,
    0x68, 0x0, 0x24, 0xff, 0xff, 0x58, 0x0, 0x0,
    0x0, 0x3f, 0x7c, 0x7e, 0xa0, 0xa0, 0x8a, 0x7c,
    0x70, 0xd0, 0xff, 0x58, 0x0, 0x0, 0x47, 0xf8,
    0xff, 0xff, 0xff, 0xff, 0xff, 0xff, 0xff, 0xa1,
    0xcb, 0x39, 0x0, 0x4, 0xd8, 0xff, 0xff, 0xff,
    0xff, 0xff, 0xff, 0xff, 0xff, 0xfb, 0x32, 0x0,

    /* U+0025 "%" */
    0x0, 0x37, 0x0, 0x0, 0x0, 0x0, 0x0, 0x0,
    0x0, 0x0, 0x0, 0x0, 0x0, 0x0, 0x3, 0xfe,
    0x8e, 0x0, 0x0, 0x0, 0x0, 0x0, 0x0, 0x0,
    0x0, 0x0, 0x0, 0x0, 0x4, 0xff, 0xff, 0x72,
    0x50, 0x0, 0x0, 0x0, 0x0, 0x26, 0x3a, 0x0,
    0x0, 0x0, 0x4, 0xff, 0xff, 0x98, 0xf3, 0x19,
    0x0, 0x0, 0x0, 0xbb, 0x74, 0x0, 0x0, 0x0,
    0x4, 0xff, 0xff, 0x98, 0xff, 0x7c, 0x0, 0x0,
    0x2c, 0xff, 0x74, 0x0, 0x0, 0x0, 0x4, 0xff,
    0xff, 0x98, 0xff, 0x84, 0x0, 0x0, 0x34, 0xff,
    0x74, 0x0, 0x0, 0x0, 0x4, 0xff, 0xff, 0x86,
    0xf6, 0x84, 0x0, 0x0, 0x34, 0xff, 0x59, 0x0,
    0x0, 0x0, 0x4, 0xff, 0xff, 0x74, 0x81, 0x84,
    0x0, 0x0, 0x34, 0xd1, 0x2, 0x0, 0x0, 0x0,
    0x4, 0xff, 0xf0, 0x6a, 0x78, 0x78, 0x28, 0x4,
    0x74, 0x78, 0x5d, 0x0, 0x0, 0x0, 0x2, 0x90,
    0x6f, 0xf6, 0xff, 0xff, 0xbb, 0x68, 0xff, 0xff,
    0xff, 0x77, 0x0, 0x0, 0x0, 0x0, 0x9, 0xbb,
    0xff, 0xff, 0x7e, 0x2e, 0xfc, 0xff, 0xe9, 0x8b,
    0xf6, 0x55, 0x0, 0x0, 0x0, 0x0, 0x3a, 0x4e,
    0x0, 0x0, 0x1e, 0x6b, 0x1c, 0xfd, 0xff, 0x58,
    0x0, 0x0, 0x0, 0x3, 0xd2, 0x84, 0x0, 0x0,
    0x34, 0xfc, 0x4d, 0xff, 0xff, 0x58, 0x0, 0x0,
    0x0, 0x23, 0xff, 0x84, 0x0, 0x0, 0x34, 0xff,
    0x97, 0xff, 0xff, 0x58, 0x0, 0x0, 0x0, 0x24,
    0xff, 0x84, 0x0, 0x0, 0x34, 0xff, 0x98, 0xff,
    0xff, 0x58, 0x0, 0x0, 0x0, 0x24, 0xff, 0x50,
    0x0, 0x0, 0x11, 0xef, 0x98, 0xff, 0xff, 0x58,
    0x0, 0x0, 0x0, 0x24, 0xc3, 0x0, 0x0, 0x0,
    0x0, 0x71, 0x98, 0xff, 0xff, 0x58, 0x0, 0x0,
    0x0, 0x0, 0x0, 0x0, 0x0, 0x0, 0x0, 0x0,
    0x6, 0xb8, 0xff, 0x58, 0x0, 0x0, 0x0, 0x0,
    0x0, 0x0, 0x0, 0x0, 0x0, 0x0, 0x0, 0x8,
    0xac, 0x2e,

    /* U+0026 "&" */
    0x4, 0xd8, 0xff, 0xff, 0xff, 0xff, 0xff, 0xff,
    0xff, 0xff, 0xfb, 0x30, 0x0, 0x0, 0x48, 0xf8,
    0xff, 0xff, 0xff, 0xff, 0xff, 0xff, 0xff, 0x8f,
    0x0, 0x0, 0x0, 0x0, 0x3f, 0x7c, 0x7c, 0x7c,
    0x7c, 0x7c, 0x7c, 0x65, 0x0, 0x0, 0x0, 0x0,
    0x0, 0x24, 0xc3, 0x0, 0x0, 0x0, 0x0, 0x73,
    0x74, 0x0, 0x0, 0x0, 0x0, 0x0, 0x24, 0xff,
    0x54, 0x0, 0x0, 0x13, 0xf1, 0x74, 0x0, 0x0,
    0x0, 0x0, 0x0, 0x24, 0xff, 0x84, 0x0, 0x0,
    0x34, 0xff, 0x74, 0x0, 0x0, 0x0, 0x0, 0x0,
    0x23, 0xff, 0x84, 0x0, 0x0, 0x34, 0xff, 0x73,
    0x0, 0x0, 0x0, 0x0, 0x0, 0x1, 0xc8, 0x84,
    0x0, 0x0, 0x34, 0xf8, 0x22, 0x0, 0x0, 0x0,
    0x0, 0x0, 0x0, 0x2c, 0x3f, 0x0, 0x0, 0x19,
    0x54, 0x0, 0x0, 0x0, 0x0, 0x0, 0x0, 0x0,
    0x0, 0x0, 0x0, 0x0, 0x0, 0x0, 0x0, 0x0,
    0x0, 0x0, 0x0, 0x0, 0x0, 0x0, 0x0, 0x0,
    0x0, 0x0, 0x0, 0x0, 0x21, 0x9a, 0x35, 0x0,
    0x0, 0x0, 0x11, 0x1e, 0x0, 0x0, 0xc, 0x24,
    0xf, 0xe0, 0xff, 0x58, 0x0, 0x0, 0x0, 0xa5,
    0x84, 0x0, 0x0, 0x34, 0xe8, 0x31, 0xff, 0xff,
    0x58, 0x0, 0x0, 0x1b, 0xff, 0x84, 0x0, 0x0,
    0x34, 0xff, 0x8e, 0xff, 0xff, 0x58, 0x0, 0x0,
    0x24, 0xff, 0x84, 0x0, 0x0, 0x34, 0xff, 0x98,
    0xff, 0xff, 0x58, 0x0, 0x0, 0x24, 0xff, 0x6d,
    0x0, 0x0, 0x20, 0xfd, 0x98, 0xff, 0xff, 0x58,
    0x0, 0x0, 0x24, 0xe1, 0x9, 0x0, 0x0, 0x0,
    0x98, 0x98, 0xff, 0xff, 0x58, 0x0, 0x0, 0x48,
    0x9f, 0x7c, 0x7c, 0x7c, 0x7c, 0x8a, 0x90, 0xd9,
    0xff, 0x58, 0x0, 0x47, 0xf8, 0xff, 0xff, 0xff,
    0xff, 0xff, 0xff, 0xff, 0xa5, 0xcd, 0x39, 0x4,
    0xd8, 0xff, 0xff, 0xff, 0xff, 0xff, 0xff, 0xff,
    0xff, 0xfb, 0x32, 0x0,

    /* U+0027 "'" */
    0x14, 0xff, 0xff, 0x68, 0x14, 0xff, 0xff, 0x68,
    0x14, 0xff, 0xff, 0x68, 0x14, 0xff, 0xff, 0x68,
    0xc, 0xf9, 0xff, 0x59, 0x0, 0x8a, 0xd7, 0x4,
    0x0, 0xd, 0x3b, 0x0,

    /* U+0028 "(" */
    0x0, 0xe, 0x1d, 0x0, 0x98, 0x74, 0x20, 0xfd,
    0x74, 0x34, 0xff, 0x74, 0x34, 0xff, 0x6a, 0x34,
    0xe9, 0xd, 0xc, 0x24, 0x0, 0x0, 0x0, 0x0,
    0x0, 0x0, 0x0, 0x19, 0x54, 0x0, 0x34, 0xf8,
    0x22, 0x34, 0xff, 0x73, 0x34, 0xff, 0x74, 0x13,
    0xf1, 0x74, 0x0, 0x73, 0x74,

    /* U+0029 ")" */
    0x9, 0x23, 0x0, 0x24, 0xe0, 0x8, 0x24, 0xff,
    0x6d, 0x24, 0xff, 0x84, 0x1b, 0xff, 0x84, 0x0,
    0xa5, 0x84, 0x0, 0x11, 0x1e, 0x0, 0x0, 0x0,
    0x0, 0x0, 0x0, 0x0, 0x2c, 0x3f, 0x1, 0xc8,
    0x84, 0x23, 0xff, 0x84, 0x24, 0xff, 0x84, 0x24,
    0xff, 0x54, 0x24, 0xc4, 0x0,

    /* U+002A "*" */
    0x0, 0x12, 0x50, 0xa, 0x80, 0x80, 0x34, 0x26,
    0x3a, 0x0, 0x0, 0x24, 0xf3, 0x2d, 0xff, 0xff,
    0x68, 0xbb, 0x74, 0x0, 0x0, 0x24, 0xff, 0x90,
    0xff, 0xff, 0x94, 0xff, 0x74, 0x0, 0x0, 0x24,
    0xff, 0x98, 0xff, 0xff, 0x9c, 0xff, 0x74, 0x0,
    0x0, 0x12, 0xf6, 0x98, 0xff, 0xff, 0x9c, 0xff,
    0x59, 0x0, 0x0, 0x0, 0x81, 0x87, 0xd6, 0xfd,
    0x62, 0xd1, 0x2, 0x0, 0x0, 0x3c, 0x78, 0x78,
    0x76, 0xa3, 0x74, 0x78, 0x5d, 0x0, 0x36, 0xf6,
    0xff, 0xff, 0xbc, 0x78, 0xff, 0xff, 0xff, 0x77,
    0x9, 0xbb, 0xff, 0xff, 0x94, 0x7a, 0xfc, 0xff,
    0xe9, 0x2a, 0x0, 0x0, 0x3a, 0x4e, 0x99, 0xe1,
    0x28, 0x6b, 0x0, 0x0, 0x0, 0x3, 0xd2, 0x92,
    0xfc, 0xff, 0x93, 0xfc, 0x29, 0x0, 0x0, 0x23,
    0xff, 0x98, 0xff, 0xff, 0x9c, 0xff, 0x73, 0x0,
    0x0, 0x24, 0xff, 0x98, 0xff, 0xff, 0x9c, 0xff,
    0x74, 0x0, 0x0, 0x24, 0xff, 0x64, 0xff, 0xff,
    0x79, 0xef, 0x74, 0x0, 0x0, 0x24, 0xc3, 0x14,
    0xff, 0xff, 0x68, 0x71, 0x74, 0x0,

    /* U+002B "+" */
    0x0, 0x0, 0x0, 0xa, 0x80, 0x80, 0x34, 0x0,
    0x0, 0x0, 0x0, 0x0, 0x0, 0x14, 0xff, 0xff,
    0x68, 0x0, 0x0, 0x0, 0x0, 0x0, 0x0, 0x14,
    0xff, 0xff, 0x68, 0x0, 0x0, 0x0, 0x0, 0x0,
    0x0, 0x14, 0xff, 0xff, 0x68, 0x0, 0x0, 0x0,
    0x0, 0x0, 0x0, 0x14, 0xff, 0xff, 0x68, 0x0,
    0x0, 0x0, 0x0, 0x0, 0x0, 0x4, 0xdd, 0xfe,
    0x36, 0x0, 0x0, 0x0, 0x0, 0x3c, 0x78, 0x78,
    0x7c, 0xa8, 0x74, 0x78, 0x5d, 0x0, 0x36, 0xf6,
    0xff, 0xff, 0xbc, 0x79, 0xff, 0xff, 0xff, 0x77,
    0x9, 0xbb, 0xff, 0xff, 0x94, 0x7a, 0xfc, 0xff,
    0xe9, 0x2a, 0x0, 0x0, 0x0, 0x0, 0x99, 0xe1,
    0x9, 0x0, 0x0, 0x0, 0x0, 0x0, 0x0, 0xe,
    0xfc, 0xff, 0x5f, 0x0, 0x0, 0x0, 0x0, 0x0,
    0x0, 0x14, 0xff, 0xff, 0x68, 0x0, 0x0, 0x0,
    0x0, 0x0, 0x0, 0x14, 0xff, 0xff, 0x68, 0x0,
    0x0, 0x0, 0x0, 0x0, 0x0, 0x14, 0xff, 0xff,
    0x68, 0x0, 0x0, 0x0, 0x0, 0x0, 0x0, 0x14,
    0xff, 0xff, 0x68, 0x0, 0x0, 0x0,

    /* U+002C "," */
    0x0, 0x2e, 0x42, 0x1, 0xc9, 0x84, 0x23, 0xff,
    0x84, 0x24, 0xff, 0x84, 0x24, 0xff, 0x53, 0x24,
    0xc4, 0x0,

    /* U+002D "-" */
    0x0, 0x3c, 0x78, 0x78, 0x28, 0x4, 0x74, 0x78,
    0x5d, 0x0, 0x36, 0xf6, 0xff, 0xff, 0xbb, 0x68,
    0xff, 0xff, 0xff, 0x77, 0x9, 0xbb, 0xff, 0xff,
    0x7e, 0x2e, 0xfc, 0xff, 0xe9, 0x2a,

    /* U+002E "." */
    0x0, 0x4f, 0x4d, 0x0, 0x27, 0xff, 0xff, 0x27,
    0xe, 0xd6, 0xd4, 0xe,

    /* U+002F "/" */
    0x0, 0x0, 0x0, 0x0, 0x0, 0x0, 0x26, 0x3a,
    0x0, 0x0, 0x0, 0x0, 0x0, 0x0, 0xbb, 0x74,
    0x0, 0x0, 0x0, 0x0, 0x0, 0x2c, 0xff, 0x74,
    0x0, 0x0, 0x0, 0x0, 0x0, 0x34, 0xff, 0x74,
    0x0, 0x0, 0x0, 0x0, 0x0, 0x34, 0xff, 0x59,
    0x0, 0x0, 0x0, 0x0, 0x0, 0x34, 0xd1, 0x2,
    0x0, 0x0, 0x0, 0x0, 0x0, 0x0, 0x0, 0x0,
    0x0, 0x0, 0x0, 0x0, 0x0, 0x0, 0x0, 0x0,
    0x0, 0x0, 0x0, 0x0, 0x0, 0x0, 0x0, 0x0,
    0x0, 0x2e, 0x42, 0x0, 0x0, 0x0, 0x0, 0x0,
    0x1, 0xc9, 0x84, 0x0, 0x0, 0x0, 0x0, 0x0,
    0x23, 0xff, 0x84, 0x0, 0x0, 0x0, 0x0, 0x0,
    0x24, 0xff, 0x84, 0x0, 0x0, 0x0, 0x0, 0x0,
    0x24, 0xff, 0x53, 0x0, 0x0, 0x0, 0x0, 0x0,
    0x24, 0xc4, 0x0, 0x0, 0x0, 0x0, 0x0, 0x0,

    /* U+0030 "0" */
    0x0, 0x6, 0xd8, 0xff, 0xff, 0xff, 0xff, 0xff,
    0xff, 0xff, 0xff, 0xfb, 0x32, 0x0, 0x1, 0xd3,
    0x85, 0xf8, 0xff, 0xff, 0xff, 0xff, 0xff, 0xff,
    0xff, 0xa1, 0xca, 0x39, 0x4, 0xff, 0xf4, 0x76,
    0x7c, 0x7c, 0x7c, 0x7c, 0x7c, 0x82, 0x7e, 0xce,
    0xff, 0x58, 0x4, 0xff, 0xff, 0x74, 0x0, 0x0,
    0x0, 0x0, 0x0, 0x85, 0x98, 0xff, 0xff, 0x58,
    0x4, 0xff, 0xff, 0x74, 0x0, 0x0, 0x0, 0x0,
    0x1a, 0xf8, 0x98, 0xff, 0xff, 0x58, 0x4, 0xff,
    0xff, 0x74, 0x0, 0x0, 0x0, 0x0, 0x34, 0xff,
    0x98, 0xff, 0xff, 0x58, 0x4, 0xff, 0xff, 0x74,
    0x0, 0x0, 0x0, 0x0, 0x34, 0xff, 0x93, 0xff,
    0xff, 0x58, 0x4, 0xff, 0xff, 0x74, 0x0, 0x0,
    0x0, 0x0, 0x34, 0xf2, 0x3a, 0xff, 0xff, 0x58,
    0x4, 0xff, 0xff, 0x52, 0x0, 0x0, 0x0, 0x0,
    0x12, 0x3b, 0x14, 0xef, 0xff, 0x58, 0x3, 0xcc,
    0x6b, 0x0, 0x0, 0x0, 0x0, 0x0, 0x0, 0x0,
    0x0, 0x33, 0xc8, 0x46, 0x3, 0xcc, 0x6b, 0x0,
    0x0, 0x0, 0x0, 0x0, 0x0, 0x0, 0x0, 0x3a,
    0xca, 0x46, 0x4, 0xff, 0xff, 0x52, 0x1d, 0x2f,
    0x0, 0x0, 0x0, 0x0, 0x14, 0xef, 0xff, 0x58,
    0x4, 0xff, 0xff, 0x74, 0xb7, 0x84, 0x0, 0x0,
    0x0, 0x0, 0x24, 0xff, 0xff, 0x58, 0x4, 0xff,
    0xff, 0x94, 0xff, 0x84, 0x0, 0x0, 0x0, 0x0,
    0x24, 0xff, 0xff, 0x58, 0x4, 0xff, 0xff, 0x98,
    0xff, 0x84, 0x0, 0x0, 0x0, 0x0, 0x24, 0xff,
    0xff, 0x58, 0x4, 0xff, 0xff, 0x98, 0xff, 0x62,
    0x0, 0x0, 0x0, 0x0, 0x24, 0xff, 0xff, 0x58,
    0x4, 0xff, 0xff, 0x98, 0xd4, 0x3, 0x0, 0x0,
    0x0, 0x0, 0x24, 0xff, 0xff, 0x58, 0x4, 0xff,
    0xf3, 0x79, 0x8c, 0x7c, 0x7c, 0x7c, 0x7c, 0x7c,
    0x70, 0xcf, 0xff, 0x58, 0x1, 0xd4, 0x84, 0xf8,
    0xff, 0xff, 0xff, 0xff, 0xff, 0xff, 0xff, 0xa0,
    0xca, 0x39, 0x0, 0x6, 0xd8, 0xff, 0xff, 0xff,
    0xff, 0xff, 0xff, 0xff, 0xff, 0xfb, 0x32, 0x0,

    /* U+0031 "1" */
    0x0, 0x0, 0x25, 0x1, 0x0, 0x39, 0xf2, 0x51,
    0x15, 0xf2, 0xff, 0x58, 0x24, 0xff, 0xff, 0x58,
    0x24, 0xff, 0xff, 0x58, 0x24, 0xff, 0xff, 0x58,
    0x24, 0xff, 0xff, 0x58, 0x24, 0xff, 0xff, 0x58,
    0x9, 0xc8, 0xff, 0x58, 0x0, 0xe, 0x7c, 0x2c,
    0x0, 0x67, 0xfe, 0x58, 0x1d, 0xfe, 0xff, 0x58,
    0x24, 0xff, 0xff, 0x58, 0x24, 0xff, 0xff, 0x58,
    0x24, 0xff, 0xff, 0x58, 0x24, 0xff, 0xff, 0x58,
    0x23, 0xff, 0xff, 0x58, 0x1, 0x9b, 0xff, 0x58,
    0x0, 0x1, 0x88, 0x22,

    /* U+0032 "2" */
    0x0, 0x4, 0xd8, 0xff, 0xff, 0xff, 0xff, 0xff,
    0xff, 0xff, 0xff, 0xfb, 0x32, 0x0, 0x0, 0x0,
    0x48, 0xf8, 0xff, 0xff, 0xff, 0xff, 0xff, 0xff,
    0xff, 0xa0, 0xc8, 0x39, 0x0, 0x0, 0x0, 0x3f,
    0x7c, 0x7c, 0x7c, 0x7c, 0x7c, 0x7c, 0x6f, 0xca,
    0xff, 0x58, 0x0, 0x0, 0x0, 0x0, 0x0, 0x0,
    0x0, 0x0, 0x0, 0x0, 0x24, 0xff, 0xff, 0x58,
    0x0, 0x0, 0x0, 0x0, 0x0, 0x0, 0x0, 0x0,
    0x0, 0x0, 0x24, 0xff, 0xff, 0x58, 0x0, 0x0,
    0x0, 0x0, 0x0, 0x0, 0x0, 0x0, 0x0, 0x0,
    0x24, 0xff, 0xff, 0x58, 0x0, 0x0, 0x0, 0x0,
    0x0, 0x0, 0x0, 0x0, 0x0, 0x0, 0x24, 0xff,
    0xff, 0x58, 0x0, 0x0, 0x0, 0x0, 0x0, 0x0,
    0x0, 0x0, 0x0, 0x0, 0x24, 0xff, 0xff, 0x58,
    0x0, 0x0, 0x0, 0x0, 0x0, 0x0, 0x0, 0x0,
    0x0, 0x0, 0x1c, 0xfe, 0xff, 0x58, 0x0, 0x0,
    0x9, 0xba, 0xff, 0xff, 0x7e, 0x2e, 0xfc, 0xff,
    0xe5, 0x86, 0xfd, 0x58, 0x2, 0x90, 0x72, 0xf7,
    0xff, 0xff, 0xbb, 0x68, 0xff, 0xff, 0xff, 0x7b,
    0x6, 0x2, 0x4, 0xff, 0xf4, 0x74, 0x78, 0x78,
    0x28, 0x4, 0x74, 0x78, 0x61, 0x0, 0x0, 0x0,
    0x4, 0xff, 0xff, 0x74, 0x0, 0x0, 0x0, 0x0,
    0x0, 0x0, 0x0, 0x0, 0x0, 0x0, 0x4, 0xff,
    0xff, 0x74, 0x0, 0x0, 0x0, 0x0, 0x0, 0x0,
    0x0, 0x0, 0x0, 0x0, 0x4, 0xff, 0xff, 0x74,
    0x0, 0x0, 0x0, 0x0, 0x0, 0x0, 0x0, 0x0,
    0x0, 0x0, 0x4, 0xff, 0xff, 0x74, 0x0, 0x0,
    0x0, 0x0, 0x0, 0x0, 0x0, 0x0, 0x0, 0x0,
    0x4, 0xff, 0xff, 0x74, 0x0, 0x0, 0x0, 0x0,
    0x0, 0x0, 0x0, 0x0, 0x0, 0x0, 0x4, 0xff,
    0xf3, 0x74, 0x7c, 0x7c, 0x7c, 0x7c, 0x7c, 0x7c,
    0x65, 0x0, 0x0, 0x0, 0x1, 0xd4, 0x84, 0xf8,
    0xff, 0xff, 0xff, 0xff, 0xff, 0xff, 0xff, 0x8e,
    0x0, 0x0, 0x0, 0x6, 0xd8, 0xff, 0xff, 0xff,
    0xff, 0xff, 0xff, 0xff, 0xff, 0xfb, 0x30, 0x0,

    /* U+0033 "3" */
    0x4, 0xd8, 0xff, 0xff, 0xff, 0xff, 0xff, 0xff,
    0xff, 0xff, 0xfb, 0x32, 0x0, 0x0, 0x48, 0xf8,
    0xff, 0xff, 0xff, 0xff, 0xff, 0xff, 0xff, 0xa0,
    0xc8, 0x39, 0x0, 0x0, 0x3f, 0x7c, 0x7c, 0x7c,
    0x7c, 0x7c, 0x7c, 0x6f, 0xca, 0xff, 0x58, 0x0,
    0x0, 0x0, 0x0, 0x0, 0x0, 0x0, 0x0, 0x0,
    0x24, 0xff, 0xff, 0x58, 0x0, 0x0, 0x0, 0x0,
    0x0, 0x0, 0x0, 0x0, 0x0, 0x24, 0xff, 0xff,
    0x58, 0x0, 0x0, 0x0, 0x0, 0x0, 0x0, 0x0,
    0x0, 0x0, 0x24, 0xff, 0xff, 0x58, 0x0, 0x0,
    0x0, 0x0, 0x0, 0x0, 0x0, 0x0, 0x0, 0x24,
    0xff, 0xff, 0x58, 0x0, 0x0, 0x0, 0x0, 0x0,
    0x0, 0x0, 0x0, 0x0, 0x24, 0xff, 0xff, 0x58,
    0x0, 0x0, 0x0, 0x0, 0x0, 0x0, 0x0, 0x0,
    0x0, 0x1c, 0xfe, 0xff, 0x58, 0x0, 0x9, 0xba,
    0xff, 0xff, 0x7e, 0x2e, 0xfc, 0xff, 0xe5, 0x86,
    0xfd, 0x58, 0x0, 0x37, 0xf7, 0xff, 0xff, 0xbb,
    0x68, 0xff, 0xff, 0xff, 0x90, 0x85, 0x2e, 0x0,
    0x0, 0x3c, 0x78, 0x78, 0x28, 0x4, 0x74, 0x78,
    0x6d, 0xd3, 0xff, 0x58, 0x0, 0x0, 0x0, 0x0,
    0x0, 0x0, 0x0, 0x0, 0x0, 0x24, 0xff, 0xff,
    0x58, 0x0, 0x0, 0x0, 0x0, 0x0, 0x0, 0x0,
    0x0, 0x0, 0x24, 0xff, 0xff, 0x58, 0x0, 0x0,
    0x0, 0x0, 0x0, 0x0, 0x0, 0x0, 0x0, 0x24,
    0xff, 0xff, 0x58, 0x0, 0x0, 0x0, 0x0, 0x0,
    0x0, 0x0, 0x0, 0x0, 0x24, 0xff, 0xff, 0x58,
    0x0, 0x0, 0x0, 0x0, 0x0, 0x0, 0x0, 0x0,
    0x0, 0x24, 0xff, 0xff, 0x58, 0x0, 0x0, 0x3f,
    0x7c, 0x7c, 0x7c, 0x7c, 0x7c, 0x7c, 0x70, 0xd0,
    0xff, 0x58, 0x0, 0x47, 0xf8, 0xff, 0xff, 0xff,
    0xff, 0xff, 0xff, 0xff, 0xa1, 0xcb, 0x39, 0x4,
    0xd8, 0xff, 0xff, 0xff, 0xff, 0xff, 0xff, 0xff,
    0xff, 0xfb, 0x32, 0x0,

    /* U+0034 "4" */
    0x0, 0x1b, 0x0, 0x0, 0x0, 0x0, 0x0, 0x0,
    0x0, 0x0, 0x0, 0x0, 0x1b, 0x0, 0x2, 0xf6,
    0x6b, 0x0, 0x0, 0x0, 0x0, 0x0, 0x0, 0x0,
    0x0, 0x2f, 0xec, 0x4d, 0x4, 0xff, 0xff, 0x50,
    0x0, 0x0, 0x0, 0x0, 0x0, 0x0, 0x13, 0xec,
    0xff, 0x58, 0x4, 0xff, 0xff, 0x74, 0x0, 0x0,
    0x0, 0x0, 0x0, 0x0, 0x24, 0xff, 0xff, 0x58,
    0x4, 0xff, 0xff, 0x74, 0x0, 0x0, 0x0, 0x0,
    0x0, 0x0, 0x24, 0xff, 0xff, 0x58, 0x4, 0xff,
    0xff, 0x74, 0x0, 0x0, 0x0, 0x0, 0x0, 0x0,
    0x24, 0xff, 0xff, 0x58, 0x4, 0xff, 0xff, 0x74,
    0x0, 0x0, 0x0, 0x0, 0x0, 0x0, 0x24, 0xff,
    0xff, 0x58, 0x4, 0xff, 0xff, 0x74, 0x0, 0x0,
    0x0, 0x0, 0x0, 0x0, 0x24, 0xff, 0xff, 0x58,
    0x4, 0xff, 0xf4, 0x73, 0x78, 0x78, 0x28, 0x4,
    0x74, 0x78, 0x69, 0xd2, 0xff, 0x58, 0x2, 0x90,
    0x71, 0xf6, 0xff, 0xff, 0xbb, 0x68, 0xff, 0xff,
    0xff, 0x8b, 0x8c, 0x31, 0x0, 0x0, 0x9, 0xbb,
    0xff, 0xff, 0x7e, 0x2e, 0xfc, 0xff, 0xe9, 0x8b,
    0xf6, 0x55, 0x0, 0x0, 0x0, 0x0, 0x0, 0x0,
    0x0, 0x0, 0x0, 0x0, 0x1c, 0xfd, 0xff, 0x58,
    0x0, 0x0, 0x0, 0x0, 0x0, 0x0, 0x0, 0x0,
    0x0, 0x0, 0x24, 0xff, 0xff, 0x58, 0x0, 0x0,
    0x0, 0x0, 0x0, 0x0, 0x0, 0x0, 0x0, 0x0,
    0x24, 0xff, 0xff, 0x58, 0x0, 0x0, 0x0, 0x0,
    0x0, 0x0, 0x0, 0x0, 0x0, 0x0, 0x24, 0xff,
    0xff, 0x58, 0x0, 0x0, 0x0, 0x0, 0x0, 0x0,
    0x0, 0x0, 0x0, 0x0, 0x24, 0xff, 0xff, 0x58,
    0x0, 0x0, 0x0, 0x0, 0x0, 0x0, 0x0, 0x0,
    0x0, 0x0, 0x24, 0xff, 0xff, 0x58, 0x0, 0x0,
    0x0, 0x0, 0x0, 0x0, 0x0, 0x0, 0x0, 0x0,
    0x2, 0xa2, 0xff, 0x58, 0x0, 0x0, 0x0, 0x0,
    0x0, 0x0, 0x0, 0x0, 0x0, 0x0, 0x0, 0x2,
    0x90, 0x24,

    /* U+0035 "5" */
    0x0, 0x6, 0xd8, 0xff, 0xff, 0xff, 0xff, 0xff,
    0xff, 0xff, 0xff, 0xfb, 0x30, 0x0, 0x1, 0xd3,
    0x83, 0xf8, 0xff, 0xff, 0xff, 0xff, 0xff, 0xff,
    0xff, 0x8f, 0x0, 0x0, 0x4, 0xff, 0xf2, 0x72,
    0x7c, 0x7c, 0x7c, 0x7c, 0x7c, 0x7c, 0x65, 0x0,
    0x0, 0x0, 0x4, 0xff, 0xff, 0x74, 0x0, 0x0,
    0x0, 0x0, 0x0, 0x0, 0x0, 0x0, 0x0, 0x0,
    0x4, 0xff, 0xff, 0x74, 0x0, 0x0, 0x0, 0x0,
    0x0, 0x0, 0x0, 0x0, 0x0, 0x0, 0x4, 0xff,
    0xff, 0x74, 0x0, 0x0, 0x0, 0x0, 0x0, 0x0,
    0x0, 0x0, 0x0, 0x0, 0x4, 0xff, 0xff, 0x74,
    0x0, 0x0, 0x0, 0x0, 0x0, 0x0, 0x0, 0x0,
    0x0, 0x0, 0x4, 0xff, 0xff, 0x74, 0x0, 0x0,
    0x0, 0x0, 0x0, 0x0, 0x0, 0x0, 0x0, 0x0,
    0x4, 0xff, 0xff, 0x68, 0x0, 0x0, 0x0, 0x0,
    0x0, 0x0, 0x0, 0x0, 0x0, 0x0, 0x4, 0xff,
    0xae, 0xbe, 0xff, 0xff, 0x7e, 0x2e, 0xfc, 0xff,
    0xe5, 0x25, 0x0, 0x0, 0x0, 0x8, 0x38, 0xf7,
    0xff, 0xff, 0xbb, 0x68, 0xff, 0xff, 0xff, 0x90,
    0x7e, 0x2c, 0x0, 0x0, 0x0, 0x3c, 0x78, 0x78,
    0x28, 0x4, 0x74, 0x78, 0x6d, 0xd3, 0xff, 0x58,
    0x0, 0x0, 0x0, 0x0, 0x0, 0x0, 0x0, 0x0,
    0x0, 0x0, 0x24, 0xff, 0xff, 0x58, 0x0, 0x0,
    0x0, 0x0, 0x0, 0x0, 0x0, 0x0, 0x0, 0x0,
    0x24, 0xff, 0xff, 0x58, 0x0, 0x0, 0x0, 0x0,
    0x0, 0x0, 0x0, 0x0, 0x0, 0x0, 0x24, 0xff,
    0xff, 0x58, 0x0, 0x0, 0x0, 0x0, 0x0, 0x0,
    0x0, 0x0, 0x0, 0x0, 0x24, 0xff, 0xff, 0x58,
    0x0, 0x0, 0x0, 0x0, 0x0, 0x0, 0x0, 0x0,
    0x0, 0x0, 0x24, 0xff, 0xff, 0x58, 0x0, 0x0,
    0x0, 0x3f, 0x7c, 0x7c, 0x7c, 0x7c, 0x7c, 0x7c,
    0x70, 0xd0, 0xff, 0x58, 0x0, 0x0, 0x47, 0xf8,
    0xff, 0xff, 0xff, 0xff, 0xff, 0xff, 0xff, 0xa1,
    0xcb, 0x39, 0x0, 0x4, 0xd8, 0xff, 0xff, 0xff,
    0xff, 0xff, 0xff, 0xff, 0xff, 0xfb, 0x32, 0x0,

    /* U+0036 "6" */
    0x0, 0x6, 0xd8, 0xff, 0xff, 0xff, 0xff, 0xff,
    0xff, 0xff, 0xff, 0xfb, 0x30, 0x0, 0x1, 0xd3,
    0x83, 0xf8, 0xff, 0xff, 0xff, 0xff, 0xff, 0xff,
    0xff, 0x8f, 0x0, 0x0, 0x4, 0xff, 0xf2, 0x72,
    0x7c, 0x7c, 0x7c, 0x7c, 0x7c, 0x7c, 0x65, 0x0,
    0x0, 0x0, 0x4, 0xff, 0xff, 0x74, 0x0, 0x0,
    0x0, 0x0, 0x0, 0x0, 0x0, 0x0, 0x0, 0x0,
    0x4, 0xff, 0xff, 0x74, 0x0, 0x0, 0x0, 0x0,
    0x0, 0x0, 0x0, 0x0, 0x0, 0x0, 0x4, 0xff,
    0xff, 0x74, 0x0, 0x0, 0x0, 0x0, 0x0, 0x0,
    0x0, 0x0, 0x0, 0x0, 0x4, 0xff, 0xff, 0x74,
    0x0, 0x0, 0x0, 0x0, 0x0, 0x0, 0x0, 0x0,
    0x0, 0x0, 0x4, 0xff, 0xff, 0x74, 0x0, 0x0,
    0x0, 0x0, 0x0, 0x0, 0x0, 0x0, 0x0, 0x0,
    0x4, 0xff, 0xff, 0x68, 0x0, 0x0, 0x0, 0x0,
    0x0, 0x0, 0x0, 0x0, 0x0, 0x0, 0x4, 0xff,
    0xae, 0xbe, 0xff, 0xff, 0x7e, 0x2e, 0xfc, 0xff,
    0xe5, 0x25, 0x0, 0x0, 0x2, 0x98, 0x73, 0xf7,
    0xff, 0xff, 0xbb, 0x68, 0xff, 0xff, 0xff, 0x95,
    0x8e, 0x31, 0x4, 0xff, 0xf4, 0x74, 0x78, 0x78,
    0x28, 0x4, 0x74, 0x78, 0x6d, 0xd6, 0xff, 0x58,
    0x4, 0xff, 0xff, 0x74, 0x0, 0x0, 0x0, 0x0,
    0x0, 0x0, 0x24, 0xff, 0xff, 0x58, 0x4, 0xff,
    0xff, 0x74, 0x0, 0x0, 0x0, 0x0, 0x0, 0x0,
    0x24, 0xff, 0xff, 0x58, 0x4, 0xff, 0xff, 0x74,
    0x0, 0x0, 0x0, 0x0, 0x0, 0x0, 0x24, 0xff,
    0xff, 0x58, 0x4, 0xff, 0xff, 0x74, 0x0, 0x0,
    0x0, 0x0, 0x0, 0x0, 0x24, 0xff, 0xff, 0x58,
    0x4, 0xff, 0xff, 0x74, 0x0, 0x0, 0x0, 0x0,
    0x0, 0x0, 0x24, 0xff, 0xff, 0x58, 0x4, 0xff,
    0xf3, 0x74, 0x7c, 0x7c, 0x7c, 0x7c, 0x7c, 0x7c,
    0x70, 0xd0, 0xff, 0x58, 0x1, 0xd4, 0x84, 0xf8,
    0xff, 0xff, 0xff, 0xff, 0xff, 0xff, 0xff, 0xa1,
    0xcb, 0x39, 0x0, 0x6, 0xd8, 0xff, 0xff, 0xff,
    0xff, 0xff, 0xff, 0xff, 0xff, 0xfb, 0x32, 0x0,

    /* U+0037 "7" */
    0x0, 0x6, 0xd8, 0xff, 0xff, 0xff, 0xff, 0xff,
    0xff, 0xff, 0xff, 0xfb, 0x32, 0x0, 0x1, 0xd3,
    0x84, 0xf8, 0xff, 0xff, 0xff, 0xff, 0xff, 0xff,
    0xff, 0xa0, 0xc9, 0x39, 0x4, 0xff, 0xf3, 0x74,
    0x7c, 0x7c, 0x7c, 0x7c, 0x7c, 0x7c, 0x6f, 0xcc,
    0xff, 0x58, 0x4, 0xff, 0xff, 0x74, 0x0, 0x0,
    0x0, 0x0, 0x0, 0x0, 0x24, 0xff, 0xff, 0x58,
    0x4, 0xff, 0xff, 0x74, 0x0, 0x0, 0x0, 0x0,
    0x0, 0x0, 0x24, 0xff, 0xff, 0x58, 0x4, 0xff,
    0xff, 0x74, 0x0, 0x0, 0x0, 0x0, 0x0, 0x0,
    0x24, 0xff, 0xff, 0x58, 0x4, 0xff, 0xff, 0x74,
    0x0, 0x0, 0x0, 0x0, 0x0, 0x0, 0x24, 0xff,
    0xff, 0x58, 0x4, 0xff, 0xff, 0x74, 0x0, 0x0,
    0x0, 0x0, 0x0, 0x0, 0x24, 0xff, 0xff, 0x58,
    0x4, 0xff, 0xff, 0x63, 0x0, 0x0, 0x0, 0x0,
    0x0, 0x0, 0x1a, 0xfb, 0xff, 0x58, 0x4, 0xff,
    0x9c, 0x1, 0x0, 0x0, 0x0, 0x0, 0x0, 0x0,
    0x0, 0x56, 0xfc, 0x58, 0x0, 0x0, 0x0, 0x0,
    0x0, 0x0, 0x0, 0x0, 0x0, 0x0, 0x0, 0x16,
    0x82, 0x2d, 0x0, 0x0, 0x0, 0x0, 0x0, 0x0,
    0x0, 0x0, 0x0, 0x0, 0xc, 0xd3, 0xff, 0x58,
    0x0, 0x0, 0x0, 0x0, 0x0, 0x0, 0x0, 0x0,
    0x0, 0x0, 0x24, 0xff, 0xff, 0x58, 0x0, 0x0,
    0x0, 0x0, 0x0, 0x0, 0x0, 0x0, 0x0, 0x0,
    0x24, 0xff, 0xff, 0x58, 0x0, 0x0, 0x0, 0x0,
    0x0, 0x0, 0x0, 0x0, 0x0, 0x0, 0x24, 0xff,
    0xff, 0x58, 0x0, 0x0, 0x0, 0x0, 0x0, 0x0,
    0x0, 0x0, 0x0, 0x0, 0x24, 0xff, 0xff, 0x58,
    0x0, 0x0, 0x0, 0x0, 0x0, 0x0, 0x0, 0x0,
    0x0, 0x0, 0x24, 0xff, 0xff, 0x58, 0x0, 0x0,
    0x0, 0x0, 0x0, 0x0, 0x0, 0x0, 0x0, 0x0,
    0x12, 0xeb, 0xff, 0x58, 0x0, 0x0, 0x0, 0x0,
    0x0, 0x0, 0x0, 0x0, 0x0, 0x0, 0x0, 0x2d,
    0xeb, 0x4c, 0x0, 0x0, 0x0, 0x0, 0x0, 0x0,
    0x0, 0x0, 0x0, 0x0, 0x0, 0x0, 0x19, 0x0,

    /* U+0038 "8" */
    0x0, 0x6, 0xd8, 0xff, 0xff, 0xff, 0xff, 0xff,
    0xff, 0xff, 0xff, 0xfb, 0x32, 0x0, 0x1, 0xd3,
    0x83, 0xf8, 0xff, 0xff, 0xff, 0xff, 0xff, 0xff,
    0xff, 0xa0, 0xc8, 0x39, 0x4, 0xff, 0xf2, 0x72,
    0x7c, 0x7c, 0x7c, 0x7c, 0x7c, 0x7c, 0x6f, 0xca,
    0xff, 0x58, 0x4, 0xff, 0xff, 0x74, 0x0, 0x0,
    0x0, 0x0, 0x0, 0x0, 0x24, 0xff, 0xff, 0x58,
    0x4, 0xff, 0xff, 0x74, 0x0, 0x0, 0x0, 0x0,
    0x0, 0x0, 0x24, 0xff, 0xff, 0x58, 0x4, 0xff,
    0xff, 0x74, 0x0, 0x0, 0x0, 0x0, 0x0, 0x0,
    0x24, 0xff, 0xff, 0x58, 0x4, 0xff, 0xff, 0x74,
    0x0, 0x0, 0x0, 0x0, 0x0, 0x0, 0x24, 0xff,
    0xff, 0x58, 0x4, 0xff, 0xff, 0x74, 0x0, 0x0,
    0x0, 0x0, 0x0, 0x0, 0x24, 0xff, 0xff, 0x58,
    0x4, 0xff, 0xff, 0x68, 0x0, 0x0, 0x0, 0x0,
    0x0, 0x0, 0x1c, 0xfe, 0xff, 0x58, 0x4, 0xff,
    0xae, 0xbe, 0xff, 0xff, 0x7e, 0x2e, 0xfc, 0xff,
    0xe5, 0x86, 0xfd, 0x58, 0x2, 0x98, 0x73, 0xf7,
    0xff, 0xff, 0xbb, 0x68, 0xff, 0xff, 0xff, 0x95,
    0x95, 0x34, 0x4, 0xff, 0xf4, 0x74, 0x78, 0x78,
    0x28, 0x4, 0x74, 0x78, 0x6d, 0xd6, 0xff, 0x58,
    0x4, 0xff, 0xff, 0x74, 0x0, 0x0, 0x0, 0x0,
    0x0, 0x0, 0x24, 0xff, 0xff, 0x58, 0x4, 0xff,
    0xff, 0x74, 0x0, 0x0, 0x0, 0x0, 0x0, 0x0,
    0x24, 0xff, 0xff, 0x58, 0x4, 0xff, 0xff, 0x74,
    0x0, 0x0, 0x0, 0x0, 0x0, 0x0, 0x24, 0xff,
    0xff, 0x58, 0x4, 0xff, 0xff, 0x74, 0x0, 0x0,
    0x0, 0x0, 0x0, 0x0, 0x24, 0xff, 0xff, 0x58,
    0x4, 0xff, 0xff, 0x74, 0x0, 0x0, 0x0, 0x0,
    0x0, 0x0, 0x24, 0xff, 0xff, 0x58, 0x4, 0xff,
    0xf3, 0x74, 0x7c, 0x7c, 0x7c, 0x7c, 0x7c, 0x7c,
    0x70, 0xd0, 0xff, 0x58, 0x1, 0xd4, 0x84, 0xf8,
    0xff, 0xff, 0xff, 0xff, 0xff, 0xff, 0xff, 0xa1,
    0xcb, 0x39, 0x0, 0x6, 0xd8, 0xff, 0xff, 0xff,
    0xff, 0xff, 0xff, 0xff, 0xff, 0xfb, 0x32, 0x0,

    /* U+0039 "9" */
    0x0, 0x6, 0xd8, 0xff, 0xff, 0xff, 0xff, 0xff,
    0xff, 0xff, 0xff, 0xfb, 0x32, 0x0, 0x1, 0xd3,
    0x83, 0xf8, 0xff, 0xff, 0xff, 0xff, 0xff, 0xff,
    0xff, 0xa0, 0xc8, 0x39, 0x4, 0xff, 0xf2, 0x72,
    0x7c, 0x7c, 0x7c, 0x7c, 0x7c, 0x7c, 0x6f, 0xca,
    0xff, 0x58, 0x4, 0xff, 0xff, 0x74, 0x0, 0x0,
    0x0, 0x0, 0x0, 0x0, 0x24, 0xff, 0xff, 0x58,
    0x4, 0xff, 0xff, 0x74, 0x0, 0x0, 0x0, 0x0,
    0x0, 0x0, 0x24, 0xff, 0xff, 0x58, 0x4, 0xff,
    0xff, 0x74, 0x0, 0x0, 0x0, 0x0, 0x0, 0x0,
    0x24, 0xff, 0xff, 0x58, 0x4, 0xff, 0xff, 0x74,
    0x0, 0x0, 0x0, 0x0, 0x0, 0x0, 0x24, 0xff,
    0xff, 0x58, 0x4, 0xff, 0xff, 0x74, 0x0, 0x0,
    0x0, 0x0, 0x0, 0x0, 0x24, 0xff, 0xff, 0x58,
    0x4, 0xff, 0xff, 0x68, 0x0, 0x0, 0x0, 0x0,
    0x0, 0x0, 0x1c, 0xfe, 0xff, 0x58, 0x4, 0xff,
    0xae, 0xbe, 0xff, 0xff, 0x7e, 0x2e, 0xfc, 0xff,
    0xe5, 0x86, 0xfd, 0x58, 0x0, 0x8, 0x38, 0xf7,
    0xff, 0xff, 0xbb, 0x68, 0xff, 0xff, 0xff, 0x90,
    0x85, 0x2e, 0x0, 0x0, 0x0, 0x3c, 0x78, 0x78,
    0x28, 0x4, 0x74, 0x78, 0x6d, 0xd3, 0xff, 0x58,
    0x0, 0x0, 0x0, 0x0, 0x0, 0x0, 0x0, 0x0,
    0x0, 0x0, 0x24, 0xff, 0xff, 0x58, 0x0, 0x0,
    0x0, 0x0, 0x0, 0x0, 0x0, 0x0, 0x0, 0x0,
    0x24, 0xff, 0xff, 0x58, 0x0, 0x0, 0x0, 0x0,
    0x0, 0x0, 0x0, 0x0, 0x0, 0x0, 0x24, 0xff,
    0xff, 0x58, 0x0, 0x0, 0x0, 0x0, 0x0, 0x0,
    0x0, 0x0, 0x0, 0x0, 0x24, 0xff, 0xff, 0x58,
    0x0, 0x0, 0x0, 0x0, 0x0, 0x0, 0x0, 0x0,
    0x0, 0x0, 0x24, 0xff, 0xff, 0x58, 0x0, 0x0,
    0x0, 0x3f, 0x7c, 0x7c, 0x7c, 0x7c, 0x7c, 0x7c,
    0x70, 0xd0, 0xff, 0x58, 0x0, 0x0, 0x47, 0xf8,
    0xff, 0xff, 0xff, 0xff, 0xff, 0xff, 0xff, 0xa1,
    0xcb, 0x39, 0x0, 0x4, 0xd8, 0xff, 0xff, 0xff,
    0xff, 0xff, 0xff, 0xff, 0xff, 0xfb, 0x32, 0x0,

    /* U+003A ":" */
    0x0, 0x4b, 0x4b, 0x0, 0x27, 0xff, 0xff, 0x27,
    0xe, 0xd7, 0xd5, 0xe, 0x0, 0x0, 0x0, 0x0,
    0x0, 0x0, 0x0, 0x0, 0x0, 0x0, 0x0, 0x0,
    0x0, 0x0, 0x0, 0x0, 0x0, 0x0, 0x0, 0x0,
    0x0, 0x4f, 0x4f, 0x0, 0x27, 0xff, 0xff, 0x27,
    0xe, 0xd6, 0xd4, 0xd,

    /* U+003C "<" */
    0x0, 0x0, 0x0, 0x0, 0x0, 0x0, 0x0, 0x0,
    0x72, 0x74, 0x0, 0x0, 0x0, 0x0, 0x0, 0x0,
    0x0, 0x0, 0x0, 0x12, 0xf0, 0x74, 0x0, 0x0,
    0x0, 0x0, 0x0, 0x0, 0x0, 0x0, 0x0, 0x34,
    0xff, 0x74, 0x0, 0x0, 0x0, 0x0, 0x0, 0x0,
    0x0, 0x0, 0x0, 0x34, 0xff, 0x73, 0x0, 0x0,
    0x0, 0x0, 0x0, 0x0, 0x0, 0x0, 0x0, 0x34,
    0xf9, 0x22, 0x0, 0x0, 0x0, 0x0, 0x0, 0x0,
    0x0, 0x0, 0x0, 0x1a, 0x58, 0x0, 0x0, 0x0,
    0x0, 0x0, 0x0, 0x0, 0x0, 0x0, 0x0, 0x0,
    0x0, 0x0, 0x0, 0x0, 0x0, 0x0, 0x0, 0x0,
    0x0, 0x0, 0x0, 0x0, 0x0, 0x0, 0x0, 0x0,
    0x0, 0x0, 0x0, 0x2e, 0x42, 0x0, 0x0, 0x0,
    0x0, 0x0, 0x0, 0x0, 0x0, 0x0, 0x1, 0xc9,
    0x84, 0x0, 0x0, 0x0, 0x0, 0x0, 0x0, 0x0,
    0x0, 0x0, 0x23, 0xff, 0x84, 0x0, 0x0, 0x0,
    0x0, 0x0, 0x0, 0x0, 0x0, 0x0, 0x24, 0xff,
    0x84, 0x0, 0x0, 0x0, 0x0, 0x0, 0x0, 0x0,
    0x0, 0x0, 0x24, 0xff, 0x53, 0x0, 0x0, 0x0,
    0x0, 0x0, 0x0, 0x0, 0x0, 0x0, 0x24, 0xc4,
    0x0, 0x0, 0x0, 0x0, 0x0, 0x0, 0x0, 0x0,
    0x0, 0x0, 0x3f, 0x7c, 0x7c, 0x7c, 0x7c, 0x7c,
    0x7c, 0x65, 0x0, 0x0, 0x0, 0x47, 0xf8, 0xff,
    0xff, 0xff, 0xff, 0xff, 0xff, 0xff, 0x8e, 0x0,
    0x4, 0xd8, 0xff, 0xff, 0xff, 0xff, 0xff, 0xff,
    0xff, 0xff, 0xfb, 0x30,

    /* U+003D "=" */
    0x0, 0x9, 0xba, 0xff, 0xff, 0x7e, 0x2e, 0xfc,
    0xff, 0xe5, 0x25, 0x0, 0x0, 0x37, 0xf7, 0xff,
    0xff, 0xbb, 0x68, 0xff, 0xff, 0xff, 0x7b, 0x0,
    0x0, 0x0, 0x3c, 0x78, 0x78, 0x28, 0x4, 0x74,
    0x78, 0x61, 0x0, 0x0, 0x0, 0x0, 0x0, 0x0,
    0x0, 0x0, 0x0, 0x0, 0x0, 0x0, 0x0, 0x0,
    0x0, 0x0, 0x0, 0x0, 0x0, 0x0, 0x0, 0x0,
    0x0, 0x0, 0x0, 0x0, 0x0, 0x0, 0x0, 0x0,
    0x0, 0x0, 0x0, 0x0, 0x0, 0x0, 0x0, 0x0,
    0x0, 0x0, 0x0, 0x0, 0x0, 0x0, 0x0, 0x0,
    0x0, 0x0, 0x0, 0x0, 0x0, 0x0, 0x0, 0x0,
    0x0, 0x0, 0x0, 0x0, 0x0, 0x0, 0x0, 0x0,
    0x0, 0x0, 0x3f, 0x7c, 0x7c, 0x7c, 0x7c, 0x7c,
    0x7c, 0x65, 0x0, 0x0, 0x0, 0x47, 0xf8, 0xff,
    0xff, 0xff, 0xff, 0xff, 0xff, 0xff, 0x8e, 0x0,
    0x4, 0xd8, 0xff, 0xff, 0xff, 0xff, 0xff, 0xff,
    0xff, 0xff, 0xfb, 0x30,

    /* U+003E ">" */
    0x0, 0x0, 0x24, 0xc3, 0x0, 0x0, 0x0, 0x0,
    0x0, 0x0, 0x0, 0x0, 0x0, 0x0, 0x24, 0xff,
    0x53, 0x0, 0x0, 0x0, 0x0, 0x0, 0x0, 0x0,
    0x0, 0x0, 0x24, 0xff, 0x84, 0x0, 0x0, 0x0,
    0x0, 0x0, 0x0, 0x0, 0x0, 0x0, 0x23, 0xff,
    0x84, 0x0, 0x0, 0x0, 0x0, 0x0, 0x0, 0x0,
    0x0, 0x0, 0x1, 0xc9, 0x84, 0x0, 0x0, 0x0,
    0x0, 0x0, 0x0, 0x0, 0x0, 0x0, 0x0, 0x2e,
    0x42, 0x0, 0x0, 0x0, 0x0, 0x0, 0x0, 0x0,
    0x0, 0x0, 0x0, 0x0, 0x0, 0x0, 0x0, 0x0,
    0x0, 0x0, 0x0, 0x0, 0x0, 0x0, 0x0, 0x0,
    0x0, 0x0, 0x0, 0x0, 0x0, 0x0, 0x0, 0x0,
    0x0, 0x0, 0x0, 0x0, 0x0, 0x0, 0x0, 0x1a,
    0x58, 0x0, 0x0, 0x0, 0x0, 0x0, 0x0, 0x0,
    0x0, 0x0, 0x0, 0x34, 0xf9, 0x22, 0x0, 0x0,
    0x0, 0x0, 0x0, 0x0, 0x0, 0x0, 0x0, 0x34,
    0xff, 0x73, 0x0, 0x0, 0x0, 0x0, 0x0, 0x0,
    0x0, 0x0, 0x0, 0x34, 0xff, 0x74, 0x0, 0x0,
    0x0, 0x0, 0x0, 0x0, 0x0, 0x0, 0x0, 0x12,
    0xf0, 0x74, 0x0, 0x0, 0x0, 0x0, 0x0, 0x0,
    0x0, 0x0, 0x0, 0x0, 0x72, 0x74, 0x0, 0x0,
    0x0, 0x0, 0x3f, 0x7c, 0x7c, 0x7c, 0x7c, 0x7c,
    0x7c, 0x65, 0x0, 0x0, 0x0, 0x47, 0xf8, 0xff,
    0xff, 0xff, 0xff, 0xff, 0xff, 0xff, 0x8e, 0x0,
    0x4, 0xd8, 0xff, 0xff, 0xff, 0xff, 0xff, 0xff,
    0xff, 0xff, 0xfb, 0x30,

    /* U+003F "?" */
    0x0, 0x6, 0xd8, 0xff, 0xff, 0xff, 0xff, 0xff,
    0xff, 0xff, 0xff, 0xfb, 0x32, 0x0, 0x1, 0xd3,
    0x83, 0xf8, 0xff, 0xff, 0xff, 0xff, 0xff, 0xff,
    0xff, 0xa0, 0xc8, 0x39, 0x4, 0xff, 0xf2, 0x72,
    0x7c, 0x7c, 0x7c, 0x7c, 0x7c, 0x7c, 0x6f, 0xca,
    0xff, 0x58, 0x4, 0xff, 0xff, 0x74, 0x0, 0x0,
    0x0, 0x0, 0x0, 0x0, 0x24, 0xff, 0xff, 0x58,
    0x4, 0xff, 0xff, 0x74, 0x0, 0x0, 0x0, 0x0,
    0x0, 0x0, 0x24, 0xff, 0xff, 0x58, 0x4, 0xff,
    0xff, 0x74, 0x0, 0x0, 0x0, 0x0, 0x0, 0x0,
    0x24, 0xff, 0xff, 0x58, 0x4, 0xff, 0xff, 0x74,
    0x0, 0x0, 0x0, 0x0, 0x0, 0x0, 0x24, 0xff,
    0xff, 0x58, 0x4, 0xff, 0xff, 0x74, 0x0, 0x0,
    0x0, 0x0, 0x0, 0x0, 0x24, 0xff, 0xff, 0x58,
    0x4, 0xff, 0xff, 0x68, 0x0, 0x0, 0x0, 0x0,
    0x0, 0x0, 0x1c, 0xfe, 0xff, 0x58, 0x4, 0xff,
    0xa5, 0x3, 0x0, 0x0, 0x0, 0x2e, 0xfc, 0xff,
    0xe5, 0x86, 0xfd, 0x58, 0x0, 0x8, 0x1, 0x0,
    0x0, 0x0, 0x0, 0x7a, 0xff, 0xff, 0xff, 0x7b,
    0x6, 0x2, 0x0, 0x0, 0x0, 0x0, 0x0, 0x0,
    0x5b, 0xb0, 0x74, 0x78, 0x61, 0x0, 0x0, 0x0,
    0x0, 0x0, 0x0, 0x0, 0x0, 0x7, 0xe6, 0xff,
    0x41, 0x0, 0x0, 0x0, 0x0, 0x0, 0x0, 0x0,
    0x0, 0x0, 0x0, 0x14, 0xff, 0xff, 0x68, 0x0,
    0x0, 0x0, 0x0, 0x0, 0x0, 0x0, 0x0, 0x0,
    0x0, 0x14, 0xff, 0xff, 0x68, 0x0, 0x0, 0x0,
    0x0, 0x0, 0x0, 0x0, 0x0, 0x0, 0x0, 0x14,
    0xff, 0xff, 0x68, 0x0, 0x0, 0x0, 0x0, 0x0,
    0x0, 0x0, 0x0, 0x0, 0x0, 0x13, 0xfc, 0xfc,
    0x66, 0x0, 0x0, 0x0, 0x0, 0x0,

    /* U+0040 "@" */
    0x0, 0x6, 0xd8, 0xff, 0xff, 0xff, 0xff, 0xff,
    0xff, 0xff, 0xff, 0xfb, 0x32, 0x0, 0x1, 0xd3,
    0x83, 0xf8, 0xff, 0xff, 0xff, 0xff, 0xff, 0xff,
    0xff, 0xa0, 0xc8, 0x39, 0x4, 0xff, 0xf2, 0x72,
    0x7c, 0x7c, 0x7c, 0x7c, 0x7c, 0x7c, 0x6f, 0xca,
    0xff, 0x58, 0x4, 0xff, 0xff, 0x74, 0x0, 0x0,
    0x0, 0x0, 0x0, 0x0, 0x24, 0xff, 0xff, 0x58,
    0x4, 0xff, 0xff, 0x74, 0x0, 0x0, 0x0, 0x0,
    0x0, 0x0, 0x24, 0xff, 0xff, 0x58, 0x4, 0xff,
    0xff, 0x74, 0x0, 0x0, 0x0, 0x0, 0x0, 0x0,
    0x24, 0xff, 0xff, 0x58, 0x4, 0xff, 0xff, 0x74,
    0x0, 0x0, 0x0, 0x0, 0x0, 0x0, 0x24, 0xff,
    0xff, 0x58, 0x4, 0xff, 0xff, 0x74, 0x0, 0x0,
    0x0, 0x0, 0x0, 0x0, 0x24, 0xff, 0xff, 0x58,
    0x4, 0xff, 0xff, 0x68, 0x0, 0x0, 0x0, 0x0,
    0x0, 0x0, 0x1c, 0xfe, 0xff, 0x58, 0x4, 0xff,
    0xa5, 0x3, 0x0, 0x0, 0x0, 0x2e, 0xfc, 0xff,
    0xe5, 0x86, 0xfd, 0x58, 0x2, 0x98, 0x3c, 0x0,
    0x0, 0x0, 0x0, 0x79, 0xff, 0xff, 0xff, 0x95,
    0x95, 0x34, 0x4, 0xff, 0xf4, 0x38, 0x0, 0x0,
    0x59, 0xad, 0x74, 0x78, 0x6d, 0xd6, 0xff, 0x58,
    0x4, 0xff, 0xff, 0x74, 0x0, 0x6, 0xe4, 0xff,
    0x3e, 0x0, 0x24, 0xff, 0xff, 0x58, 0x4, 0xff,
    0xff, 0x74, 0x0, 0x14, 0xff, 0xff, 0x68, 0x0,
    0x24, 0xff, 0xff, 0x58, 0x4, 0xff, 0xff, 0x74,
    0x0, 0x14, 0xff, 0xff, 0x68, 0x0, 0x24, 0xff,
    0xff, 0x58, 0x4, 0xff, 0xff, 0x74, 0x0, 0x14,
    0xff, 0xff, 0x68, 0x0, 0x24, 0xff, 0xff, 0x58,
    0x4, 0xff, 0xff, 0x74, 0x0, 0x14, 0xff, 0xff,
    0x68, 0x0, 0x24, 0xff, 0xff, 0x58, 0x4, 0xff,
    0xf4, 0x76, 0x7c, 0x7e, 0xa0, 0xa0, 0x8a, 0x7c,
    0x70, 0xd0, 0xff, 0x58, 0x1, 0xd4, 0x85, 0xf8,
    0xff, 0xff, 0xff, 0xff, 0xff, 0xff, 0xff, 0xa1,
    0xcb, 0x39, 0x0, 0x6, 0xd8, 0xff, 0xff, 0xff,
    0xff, 0xff, 0xff, 0xff, 0xff, 0xfb, 0x32, 0x0,

    /* U+0041 "A" */
    0x0, 0x6, 0xd8, 0xff, 0xff, 0xff, 0xff, 0xff,
    0xff, 0xff, 0xff, 0xfb, 0x32, 0x0, 0x1, 0xd3,
    0x83, 0xf8, 0xff, 0xff, 0xff, 0xff, 0xff, 0xff,
    0xff, 0xa0, 0xc8, 0x39, 0x4, 0xff, 0xf2, 0x72,
    0x7c, 0x7c, 0x7c, 0x7c, 0x7c, 0x7c, 0x6f, 0xca,
    0xff, 0x58, 0x4, 0xff, 0xff, 0x74, 0x0, 0x0,
    0x0, 0x0, 0x0, 0x0, 0x24, 0xff, 0xff, 0x58,
    0x4, 0xff, 0xff, 0x74, 0x0, 0x0, 0x0, 0x0,
    0x0, 0x0, 0x24, 0xff, 0xff, 0x58, 0x4, 0xff,
    0xff, 0x74, 0x0, 0x0, 0x0, 0x0, 0x0, 0x0,
    0x24, 0xff, 0xff, 0x58, 0x4, 0xff, 0xff, 0x74,
    0x0, 0x0, 0x0, 0x0, 0x0, 0x0, 0x24, 0xff,
    0xff, 0x58, 0x4, 0xff, 0xff, 0x74, 0x0, 0x0,
    0x0, 0x0, 0x0, 0x0, 0x24, 0xff, 0xff, 0x58,
    0x4, 0xff, 0xff, 0x68, 0x0, 0x0, 0x0, 0x0,
    0x0, 0x0, 0x1c, 0xfe, 0xff, 0x58, 0x4, 0xff,
    0xae, 0xbe, 0xff, 0xff, 0x7e, 0x2e, 0xfc, 0xff,
    0xe5, 0x86, 0xfd, 0x58, 0x2, 0x98, 0x73, 0xf7,
    0xff, 0xff, 0xbb, 0x68, 0xff, 0xff, 0xff, 0x95,
    0x95, 0x34, 0x4, 0xff, 0xf3, 0x73, 0x78, 0x78,
    0x28, 0x4, 0x74, 0x78, 0x6d, 0xd4, 0xff, 0x58,
    0x4, 0xff, 0xff, 0x74, 0x0, 0x0, 0x0, 0x0,
    0x0, 0x0, 0x24, 0xff, 0xff, 0x58, 0x4, 0xff,
    0xff, 0x74, 0x0, 0x0, 0x0, 0x0, 0x0, 0x0,
    0x24, 0xff, 0xff, 0x58, 0x4, 0xff, 0xff, 0x74,
    0x0, 0x0, 0x0, 0x0, 0x0, 0x0, 0x24, 0xff,
    0xff, 0x58, 0x4, 0xff, 0xff, 0x74, 0x0, 0x0,
    0x0, 0x0, 0x0, 0x0, 0x24, 0xff, 0xff, 0x58,
    0x4, 0xff, 0xff, 0x74, 0x0, 0x0, 0x0, 0x0,
    0x0, 0x0, 0x24, 0xff, 0xff, 0x58, 0x4, 0xff,
    0xff, 0x50, 0x0, 0x0, 0x0, 0x0, 0x0, 0x0,
    0x13, 0xec, 0xff, 0x58, 0x2, 0xf6, 0x6c, 0x0,
    0x0, 0x0, 0x0, 0x0, 0x0, 0x0, 0x0, 0x30,
    0xec, 0x4d, 0x0, 0x1b, 0x0, 0x0, 0x0, 0x0,
    0x0, 0x0, 0x0, 0x0, 0x0, 0x0, 0x1b, 0x0,

    /* U+0042 "B" */
    0x4, 0xd8, 0xff, 0xff, 0xff, 0xff, 0xff, 0xff,
    0xff, 0xff, 0xfb, 0x32, 0x0, 0x0, 0x48, 0xf8,
    0xff, 0xff, 0xff, 0xff, 0xff, 0xff, 0xff, 0xa0,
    0xc9, 0x39, 0x0, 0x0, 0x3f, 0x7c, 0x7e, 0x98,
    0x98, 0x87, 0x7c, 0x6f, 0xcc, 0xff, 0x58, 0x0,
    0x0, 0x0, 0x0, 0x14, 0xff, 0xff, 0x68, 0x0,
    0x24, 0xff, 0xff, 0x58, 0x0, 0x0, 0x0, 0x0,
    0x14, 0xff, 0xff, 0x68, 0x0, 0x24, 0xff, 0xff,
    0x58, 0x0, 0x0, 0x0, 0x0, 0x14, 0xff, 0xff,
    0x68, 0x0, 0x24, 0xff, 0xff, 0x58, 0x0, 0x0,
    0x0, 0x0, 0x14, 0xff, 0xff, 0x68, 0x0, 0x24,
    0xff, 0xff, 0x58, 0x0, 0x0, 0x0, 0x0, 0xd,
    0xfc, 0xff, 0x5d, 0x0, 0x24, 0xff, 0xff, 0x58,
    0x0, 0x0, 0x0, 0x0, 0x0, 0x96, 0xdf, 0x8,
    0x0, 0x1c, 0xfe, 0xff, 0x58, 0x0, 0x0, 0x0,
    0x0, 0x0, 0x15, 0x79, 0xfc, 0xff, 0xe5, 0x86,
    0xfd, 0x58, 0x0, 0x0, 0x0, 0x0, 0x0, 0x0,
    0x79, 0xff, 0xff, 0xff, 0x90, 0x85, 0x2e, 0x0,
    0x0, 0x0, 0x0, 0x0, 0x59, 0xad, 0x74, 0x78,
    0x6d, 0xd3, 0xff, 0x58, 0x0, 0x0, 0x0, 0x0,
    0x6, 0xe4, 0xff, 0x3e, 0x0, 0x24, 0xff, 0xff,
    0x58, 0x0, 0x0, 0x0, 0x0, 0x14, 0xff, 0xff,
    0x68, 0x0, 0x24, 0xff, 0xff, 0x58, 0x0, 0x0,
    0x0, 0x0, 0x14, 0xff, 0xff, 0x68, 0x0, 0x24,
    0xff, 0xff, 0x58, 0x0, 0x0, 0x0, 0x0, 0x14,
    0xff, 0xff, 0x68, 0x0, 0x24, 0xff, 0xff, 0x58,
    0x0, 0x0, 0x0, 0x0, 0x14, 0xff, 0xff, 0x68,
    0x0, 0x24, 0xff, 0xff, 0x58, 0x0, 0x0, 0x3f,
    0x7c, 0x7e, 0xa0, 0xa0, 0x8a, 0x7c, 0x70, 0xd0,
    0xff, 0x58, 0x0, 0x47, 0xf8, 0xff, 0xff, 0xff,
    0xff, 0xff, 0xff, 0xff, 0xa1, 0xcb, 0x39, 0x4,
    0xd8, 0xff, 0xff, 0xff, 0xff, 0xff, 0xff, 0xff,
    0xff, 0xfb, 0x32, 0x0,

    /* U+0043 "C" */
    0x0, 0x6, 0xd8, 0xff, 0xff, 0xff, 0xff, 0xff,
    0xff, 0xff, 0xff, 0xfb, 0x30, 0x1, 0xd3, 0x84,
    0xf8, 0xff, 0xff, 0xff, 0xff, 0xff, 0xff, 0xff,
    0x8f, 0x0, 0x4, 0xff, 0xf3, 0x74, 0x7c, 0x7c,
    0x7c, 0x7c, 0x7c, 0x7c, 0x65, 0x0, 0x0, 0x4,
    0xff, 0xff, 0x74, 0x0, 0x0, 0x0, 0x0, 0x0,
    0x0, 0x0, 0x0, 0x0, 0x4, 0xff, 0xff, 0x74,
    0x0, 0x0, 0x0, 0x0, 0x0, 0x0, 0x0, 0x0,
    0x0, 0x4, 0xff, 0xff, 0x74, 0x0, 0x0, 0x0,
    0x0, 0x0, 0x0, 0x0, 0x0, 0x0, 0x4, 0xff,
    0xff, 0x74, 0x0, 0x0, 0x0, 0x0, 0x0, 0x0,
    0x0, 0x0, 0x0, 0x4, 0xff, 0xff, 0x74, 0x0,
    0x0, 0x0, 0x0, 0x0, 0x0, 0x0, 0x0, 0x0,
    0x4, 0xff, 0xff, 0x52, 0x0, 0x0, 0x0, 0x0,
    0x0, 0x0, 0x0, 0x0, 0x0, 0x3, 0xcc, 0x6b,
    0x0, 0x0, 0x0, 0x0, 0x0, 0x0, 0x0, 0x0,
    0x0, 0x0, 0x3, 0xcc, 0x6b, 0x0, 0x0, 0x0,
    0x0, 0x0, 0x0, 0x0, 0x0, 0x0, 0x0, 0x4,
    0xff, 0xff, 0x52, 0x0, 0x0, 0x0, 0x0, 0x0,
    0x0, 0x0, 0x0, 0x0, 0x4, 0xff, 0xff, 0x74,
    0x0, 0x0, 0x0, 0x0, 0x0, 0x0, 0x0, 0x0,
    0x0, 0x4, 0xff, 0xff, 0x74, 0x0, 0x0, 0x0,
    0x0, 0x0, 0x0, 0x0, 0x0, 0x0, 0x4, 0xff,
    0xff, 0x74, 0x0, 0x0, 0x0, 0x0, 0x0, 0x0,
    0x0, 0x0, 0x0, 0x4, 0xff, 0xff, 0x74, 0x0,
    0x0, 0x0, 0x0, 0x0, 0x0, 0x0, 0x0, 0x0,
    0x4, 0xff, 0xff, 0x74, 0x0, 0x0, 0x0, 0x0,
    0x0, 0x0, 0x0, 0x0, 0x0, 0x4, 0xff, 0xf2,
    0x73, 0x7c, 0x7c, 0x7c, 0x7c, 0x7c, 0x7c, 0x65,
    0x0, 0x0, 0x1, 0xd3, 0x83, 0xf8, 0xff, 0xff,
    0xff, 0xff, 0xff, 0xff, 0xff, 0x8e, 0x0, 0x0,
    0x6, 0xd8, 0xff, 0xff, 0xff, 0xff, 0xff, 0xff,
    0xff, 0xff, 0xfb, 0x30,

    /* U+0044 "D" */
    0x4, 0xd8, 0xff, 0xff, 0xff, 0xff, 0xff, 0xff,
    0xff, 0xff, 0xfb, 0x32, 0x0, 0x0, 0x48, 0xf8,
    0xff, 0xff, 0xff, 0xff, 0xff, 0xff, 0xff, 0x9c,
    0xc6, 0x39, 0x0, 0x0, 0x3f, 0x7c, 0x7c, 0x7c,
    0x7c, 0x7c, 0x7c, 0x6c, 0xc0, 0xff, 0x58, 0x0,
    0x0, 0x0, 0x0, 0x14, 0xff, 0xff, 0x68, 0x0,
    0x24, 0xff, 0xff, 0x58, 0x0, 0x0, 0x0, 0x0,
    0x14, 0xff, 0xff, 0x68, 0x0, 0x24, 0xff, 0xff,
    0x58, 0x0, 0x0, 0x0, 0x0, 0x14, 0xff, 0xff,
    0x68, 0x0, 0x24, 0xff, 0xff, 0x58, 0x0, 0x0,
    0x0, 0x0, 0x14, 0xff, 0xff, 0x68, 0x0, 0x24,
    0xff, 0xff, 0x58, 0x0, 0x0, 0x0, 0x0, 0xc,
    0xf9, 0xff, 0x59, 0x0, 0x24, 0xff, 0xff, 0x58,
    0x0, 0x0, 0x0, 0x0, 0x0, 0x8a, 0xd7, 0x4,
    0x0, 0x19, 0xf8, 0xff, 0x58, 0x0, 0x0, 0x0,
    0x0, 0x0, 0xd, 0x3b, 0x0, 0x0, 0x0, 0x49,
    0xe8, 0x51, 0x0, 0x0, 0x0, 0x0, 0x0, 0x2,
    0x1b, 0x0, 0x0, 0x0, 0x21, 0x9a, 0x35, 0x0,
    0x0, 0x0, 0x0, 0x0, 0x65, 0xb6, 0x0, 0x0,
    0xe, 0xdf, 0xff, 0x58, 0x0, 0x0, 0x0, 0x0,
    0x7, 0xe9, 0xff, 0x44, 0x0, 0x24, 0xff, 0xff,
    0x58, 0x0, 0x0, 0x0, 0x0, 0x14, 0xff, 0xff,
    0x68, 0x0, 0x24, 0xff, 0xff, 0x58, 0x0, 0x0,
    0x0, 0x0, 0x14, 0xff, 0xff, 0x68, 0x0, 0x24,
    0xff, 0xff, 0x58, 0x0, 0x0, 0x0, 0x0, 0x14,
    0xff, 0xff, 0x68, 0x0, 0x24, 0xff, 0xff, 0x58,
    0x0, 0x0, 0x0, 0x0, 0x14, 0xff, 0xff, 0x68,
    0x0, 0x24, 0xff, 0xff, 0x58, 0x0, 0x0, 0x3f,
    0x7c, 0x81, 0xbc, 0xbc, 0x96, 0x7c, 0x73, 0xd9,
    0xff, 0x58, 0x0, 0x47, 0xf8, 0xff, 0xff, 0xff,
    0xff, 0xff, 0xff, 0xff, 0xa5, 0xcd, 0x39, 0x4,
    0xd8, 0xff, 0xff, 0xff, 0xff, 0xff, 0xff, 0xff,
    0xff, 0xfb, 0x32, 0x0,

    /* U+0045 "E" */
    0x0, 0x6, 0xd8, 0xff, 0xff, 0xff, 0xff, 0xff,
    0xff, 0xff, 0xff, 0xfb, 0x30, 0x1, 0xd3, 0x83,
    0xf8, 0xff, 0xff, 0xff, 0xff, 0xff, 0xff, 0xff,
    0x8f, 0x0, 0x4, 0xff, 0xf2, 0x72, 0x7c, 0x7c,
    0x7c, 0x7c, 0x7c, 0x7c, 0x65, 0x0, 0x0, 0x4,
    0xff, 0xff, 0x74, 0x0, 0x0, 0x0, 0x0, 0x0,
    0x0, 0x0, 0x0, 0x0, 0x4, 0xff, 0xff, 0x74,
    0x0, 0x0, 0x0, 0x0, 0x0, 0x0, 0x0, 0x0,
    0x0, 0x4, 0xff, 0xff, 0x74, 0x0, 0x0, 0x0,
    0x0, 0x0, 0x0, 0x0, 0x0, 0x0, 0x4, 0xff,
    0xff, 0x74, 0x0, 0x0, 0x0, 0x0, 0x0, 0x0,
    0x0, 0x0, 0x0, 0x4, 0xff, 0xff, 0x74, 0x0,
    0x0, 0x0, 0x0, 0x0, 0x0, 0x0, 0x0, 0x0,
    0x4, 0xff, 0xff, 0x68, 0x0, 0x0, 0x0, 0x0,
    0x0, 0x0, 0x0, 0x0, 0x0, 0x4, 0xff, 0xae,
    0xbe, 0xff, 0xff, 0x7e, 0x2e, 0xfc, 0xff, 0xe5,
    0x25, 0x0, 0x2, 0x98, 0x73, 0xf7, 0xff, 0xff,
    0xbb, 0x68, 0xff, 0xff, 0xff, 0x7b, 0x0, 0x4,
    0xff, 0xf4, 0x74, 0x78, 0x78, 0x28, 0x4, 0x74,
    0x78, 0x61, 0x0, 0x0, 0x4, 0xff, 0xff, 0x74,
    0x0, 0x0, 0x0, 0x0, 0x0, 0x0, 0x0, 0x0,
    0x0, 0x4, 0xff, 0xff, 0x74, 0x0, 0x0, 0x0,
    0x0, 0x0, 0x0, 0x0, 0x0, 0x0, 0x4, 0xff,
    0xff, 0x74, 0x0, 0x0, 0x0, 0x0, 0x0, 0x0,
    0x0, 0x0, 0x0, 0x4, 0xff, 0xff, 0x74, 0x0,
    0x0, 0x0, 0x0, 0x0, 0x0, 0x0, 0x0, 0x0,
    0x4, 0xff, 0xff, 0x74, 0x0, 0x0, 0x0, 0x0,
    0x0, 0x0, 0x0, 0x0, 0x0, 0x4, 0xff, 0xf3,
    0x74, 0x7c, 0x7c, 0x7c, 0x7c, 0x7c, 0x7c, 0x65,
    0x0, 0x0, 0x1, 0xd4, 0x84, 0xf8, 0xff, 0xff,
    0xff, 0xff, 0xff, 0xff, 0xff, 0x8e, 0x0, 0x0,
    0x6, 0xd8, 0xff, 0xff, 0xff, 0xff, 0xff, 0xff,
    0xff, 0xff, 0xfb, 0x30,

    /* U+0046 "F" */
    0x0, 0x6, 0xd8, 0xff, 0xff, 0xff, 0xff, 0xff,
    0xff, 0xff, 0xff, 0xfb, 0x30, 0x1, 0xd3, 0x83,
    0xf8, 0xff, 0xff, 0xff, 0xff, 0xff, 0xff, 0xff,
    0x8f, 0x0, 0x4, 0xff, 0xf2, 0x72, 0x7c, 0x7c,
    0x7c, 0x7c, 0x7c, 0x7c, 0x65, 0x0, 0x0, 0x4,
    0xff, 0xff, 0x74, 0x0, 0x0, 0x0, 0x0, 0x0,
    0x0, 0x0, 0x0, 0x0, 0x4, 0xff, 0xff, 0x74,
    0x0, 0x0, 0x0, 0x0, 0x0, 0x0, 0x0, 0x0,
    0x0, 0x4, 0xff, 0xff, 0x74, 0x0, 0x0, 0x0,
    0x0, 0x0, 0x0, 0x0, 0x0, 0x0, 0x4, 0xff,
    0xff, 0x74, 0x0, 0x0, 0x0, 0x0, 0x0, 0x0,
    0x0, 0x0, 0x0, 0x4, 0xff, 0xff, 0x74, 0x0,
    0x0, 0x0, 0x0, 0x0, 0x0, 0x0, 0x0, 0x0,
    0x4, 0xff, 0xff, 0x68, 0x0, 0x0, 0x0, 0x0,
    0x0, 0x0, 0x0, 0x0, 0x0, 0x4, 0xff, 0xae,
    0xbe, 0xff, 0xff, 0x7e, 0x2e, 0xfc, 0xff, 0xe5,
    0x25, 0x0, 0x2, 0x98, 0x73, 0xf7, 0xff, 0xff,
    0xbb, 0x68, 0xff, 0xff, 0xff, 0x7b, 0x0, 0x4,
    0xff, 0xf3, 0x73, 0x78, 0x78, 0x28, 0x4, 0x74,
    0x78, 0x61, 0x0, 0x0, 0x4, 0xff, 0xff, 0x74,
    0x0, 0x0, 0x0, 0x0, 0x0, 0x0, 0x0, 0x0,
    0x0, 0x4, 0xff, 0xff, 0x74, 0x0, 0x0, 0x0,
    0x0, 0x0, 0x0, 0x0, 0x0, 0x0, 0x4, 0xff,
    0xff, 0x74, 0x0, 0x0, 0x0, 0x0, 0x0, 0x0,
    0x0, 0x0, 0x0, 0x4, 0xff, 0xff, 0x74, 0x0,
    0x0, 0x0, 0x0, 0x0, 0x0, 0x0, 0x0, 0x0,
    0x4, 0xff, 0xff, 0x74, 0x0, 0x0, 0x0, 0x0,
    0x0, 0x0, 0x0, 0x0, 0x0, 0x4, 0xff, 0xff,
    0x50, 0x0, 0x0, 0x0, 0x0, 0x0, 0x0, 0x0,
    0x0, 0x0, 0x2, 0xf6, 0x6c, 0x0, 0x0, 0x0,
    0x0, 0x0, 0x0, 0x0, 0x0, 0x0, 0x0, 0x0,
    0x1b, 0x0, 0x0, 0x0, 0x0, 0x0, 0x0, 0x0,
    0x0, 0x0, 0x0, 0x0,

    /* U+0047 "G" */
    0x0, 0x6, 0xd8, 0xff, 0xff, 0xff, 0xff, 0xff,
    0xff, 0xff, 0xff, 0xfb, 0x30, 0x0, 0x1, 0xd3,
    0x83, 0xf8, 0xff, 0xff, 0xff, 0xff, 0xff, 0xff,
    0xff, 0x8f, 0x0, 0x0, 0x4, 0xff, 0xf2, 0x72,
    0x7c, 0x7c, 0x7c, 0x7c, 0x7c, 0x7c, 0x65, 0x0,
    0x0, 0x0, 0x4, 0xff, 0xff, 0x74, 0x0, 0x0,
    0x0, 0x0, 0x0, 0x0, 0x0, 0x0, 0x0, 0x0,
    0x4, 0xff, 0xff, 0x74, 0x0, 0x0, 0x0, 0x0,
    0x0, 0x0, 0x0, 0x0, 0x0, 0x0, 0x4, 0xff,
    0xff, 0x74, 0x0, 0x0, 0x0, 0x0, 0x0, 0x0,
    0x0, 0x0, 0x0, 0x0, 0x4, 0xff, 0xff, 0x74,
    0x0, 0x0, 0x0, 0x0, 0x0, 0x0, 0x0, 0x0,
    0x0, 0x0, 0x4, 0xff, 0xff, 0x74, 0x0, 0x0,
    0x0, 0x0, 0x0, 0x0, 0x0, 0x0, 0x0, 0x0,
    0x4, 0xff, 0xff, 0x68, 0x0, 0x0, 0x0, 0x0,
    0x0, 0x0, 0x0, 0x0, 0x0, 0x0, 0x4, 0xff,
    0xa5, 0x3, 0x0, 0x0, 0x0, 0x2e, 0xfc, 0xff,
    0xe5, 0x25, 0x0, 0x0, 0x2, 0x98, 0x3c, 0x0,
    0x0, 0x0, 0x0, 0x68, 0xff, 0xff, 0xff, 0x95,
    0x8e, 0x31, 0x4, 0xff, 0xf4, 0x38, 0x0, 0x0,
    0x0, 0x4, 0x74, 0x78, 0x6d, 0xd6, 0xff, 0x58,
    0x4, 0xff, 0xff, 0x74, 0x0, 0x0, 0x0, 0x0,
    0x0, 0x0, 0x24, 0xff, 0xff, 0x58, 0x4, 0xff,
    0xff, 0x74, 0x0, 0x0, 0x0, 0x0, 0x0, 0x0,
    0x24, 0xff, 0xff, 0x58, 0x4, 0xff, 0xff, 0x74,
    0x0, 0x0, 0x0, 0x0, 0x0, 0x0, 0x24, 0xff,
    0xff, 0x58, 0x4, 0xff, 0xff, 0x74, 0x0, 0x0,
    0x0, 0x0, 0x0, 0x0, 0x24, 0xff, 0xff, 0x58,
    0x4, 0xff, 0xff, 0x74, 0x0, 0x0, 0x0, 0x0,
    0x0, 0x0, 0x24, 0xff, 0xff, 0x58, 0x4, 0xff,
    0xf3, 0x74, 0x7c, 0x7c, 0x7c, 0x7c, 0x7c, 0x7c,
    0x70, 0xd0, 0xff, 0x58, 0x1, 0xd4, 0x84, 0xf8,
    0xff, 0xff, 0xff, 0xff, 0xff, 0xff, 0xff, 0xa1,
    0xcb, 0x39, 0x0, 0x6, 0xd8, 0xff, 0xff, 0xff,
    0xff, 0xff, 0xff, 0xff, 0xff, 0xfb, 0x32, 0x0,

    /* U+0048 "H" */
    0x0, 0x1b, 0x0, 0x0, 0x0, 0x0, 0x0, 0x0,
    0x0, 0x0, 0x0, 0x0, 0x1b, 0x0, 0x2, 0xf6,
    0x6b, 0x0, 0x0, 0x0, 0x0, 0x0, 0x0, 0x0,
    0x0, 0x2f, 0xec, 0x4d, 0x4, 0xff, 0xff, 0x50,
    0x0, 0x0, 0x0, 0x0, 0x0, 0x0, 0x13, 0xec,
    0xff, 0x58, 0x4, 0xff, 0xff, 0x74, 0x0, 0x0,
    0x0, 0x0, 0x0, 0x0, 0x24, 0xff, 0xff, 0x58,
    0x4, 0xff, 0xff, 0x74, 0x0, 0x0, 0x0, 0x0,
    0x0, 0x0, 0x24, 0xff, 0xff, 0x58, 0x4, 0xff,
    0xff, 0x74, 0x0, 0x0, 0x0, 0x0, 0x0, 0x0,
    0x24, 0xff, 0xff, 0x58, 0x4, 0xff, 0xff, 0x74,
    0x0, 0x0, 0x0, 0x0, 0x0, 0x0, 0x24, 0xff,
    0xff, 0x58, 0x4, 0xff, 0xff, 0x74, 0x0, 0x0,
    0x0, 0x0, 0x0, 0x0, 0x24, 0xff, 0xff, 0x58,
    0x4, 0xff, 0xf4, 0x73, 0x78, 0x78, 0x28, 0x4,
    0x74, 0x78, 0x69, 0xd2, 0xff, 0x58, 0x2, 0x98,
    0x72, 0xf6, 0xff, 0xff, 0xbb, 0x68, 0xff, 0xff,
    0xff, 0x8b, 0x93, 0x34, 0x4, 0xff, 0xaf, 0xbe,
    0xff, 0xff, 0x7e, 0x2e, 0xfc, 0xff, 0xe9, 0x93,
    0xff, 0x58, 0x4, 0xff, 0xff, 0x69, 0x0, 0x0,
    0x0, 0x0, 0x0, 0x0, 0x1c, 0xfd, 0xff, 0x58,
    0x4, 0xff, 0xff, 0x74, 0x0, 0x0, 0x0, 0x0,
    0x0, 0x0, 0x24, 0xff, 0xff, 0x58, 0x4, 0xff,
    0xff, 0x74, 0x0, 0x0, 0x0, 0x0, 0x0, 0x0,
    0x24, 0xff, 0xff, 0x58, 0x4, 0xff, 0xff, 0x74,
    0x0, 0x0, 0x0, 0x0, 0x0, 0x0, 0x24, 0xff,
    0xff, 0x58, 0x4, 0xff, 0xff, 0x74, 0x0, 0x0,
    0x0, 0x0, 0x0, 0x0, 0x24, 0xff, 0xff, 0x58,
    0x4, 0xff, 0xff, 0x74, 0x0, 0x0, 0x0, 0x0,
    0x0, 0x0, 0x24, 0xff, 0xff, 0x58, 0x4, 0xff,
    0xd9, 0x1a, 0x0, 0x0, 0x0, 0x0, 0x0, 0x0,
    0x2, 0xa2, 0xff, 0x58, 0x1, 0x9a, 0x1a, 0x0,
    0x0, 0x0, 0x0, 0x0, 0x0, 0x0, 0x0, 0x2,
    0x90, 0x24,

    /* U+0049 "I" */
    0x4, 0xd8, 0xff, 0xff, 0xff, 0xff, 0xff, 0xff,
    0xff, 0xff, 0xfb, 0x30, 0x0, 0x48, 0xf8, 0xff,
    0xff, 0xff, 0xff, 0xff, 0xff, 0xff, 0x8f, 0x0,
    0x0, 0x0, 0x3f, 0x7c, 0x7c, 0x7c, 0x7c, 0x7c,
    0x7c, 0x65, 0x0, 0x0, 0x0, 0x0, 0x0, 0x0,
    0x14, 0xff, 0xff, 0x68, 0x0, 0x0, 0x0, 0x0,
    0x0, 0x0, 0x0, 0x0, 0x14, 0xff, 0xff, 0x68,
    0x0, 0x0, 0x0, 0x0, 0x0, 0x0, 0x0, 0x0,
    0x14, 0xff, 0xff, 0x68, 0x0, 0x0, 0x0, 0x0,
    0x0, 0x0, 0x0, 0x0, 0x14, 0xff, 0xff, 0x68,
    0x0, 0x0, 0x0, 0x0, 0x0, 0x0, 0x0, 0x0,
    0xc, 0xf9, 0xff, 0x59, 0x0, 0x0, 0x0, 0x0,
    0x0, 0x0, 0x0, 0x0, 0x0, 0x8a, 0xd7, 0x4,
    0x0, 0x0, 0x0, 0x0, 0x0, 0x0, 0x0, 0x0,
    0x0, 0xd, 0x3b, 0x0, 0x0, 0x0, 0x0, 0x0,
    0x0, 0x0, 0x0, 0x0, 0x0, 0x2, 0x1b, 0x0,
    0x0, 0x0, 0x0, 0x0, 0x0, 0x0, 0x0, 0x0,
    0x0, 0x65, 0xb6, 0x0, 0x0, 0x0, 0x0, 0x0,
    0x0, 0x0, 0x0, 0x0, 0x7, 0xe9, 0xff, 0x44,
    0x0, 0x0, 0x0, 0x0, 0x0, 0x0, 0x0, 0x0,
    0x14, 0xff, 0xff, 0x68, 0x0, 0x0, 0x0, 0x0,
    0x0, 0x0, 0x0, 0x0, 0x14, 0xff, 0xff, 0x68,
    0x0, 0x0, 0x0, 0x0, 0x0, 0x0, 0x0, 0x0,
    0x14, 0xff, 0xff, 0x68, 0x0, 0x0, 0x0, 0x0,
    0x0, 0x0, 0x0, 0x0, 0x14, 0xff, 0xff, 0x68,
    0x0, 0x0, 0x0, 0x0, 0x0, 0x0, 0x3f, 0x7c,
    0x81, 0xbc, 0xbc, 0x96, 0x7c, 0x65, 0x0, 0x0,
    0x0, 0x47, 0xf8, 0xff, 0xff, 0xff, 0xff, 0xff,
    0xff, 0xff, 0x8e, 0x0, 0x4, 0xd8, 0xff, 0xff,
    0xff, 0xff, 0xff, 0xff, 0xff, 0xff, 0xfb, 0x30,

    /* U+004A "J" */
    0x0, 0x0, 0x0, 0x0, 0x0, 0x0, 0x0, 0x0,
    0x0, 0x0, 0x0, 0x3, 0x97, 0x27, 0x0, 0x0,
    0x0, 0x0, 0x0, 0x0, 0x0, 0x0, 0x0, 0x0,
    0x3, 0xa8, 0xff, 0x58, 0x0, 0x0, 0x0, 0x0,
    0x0, 0x0, 0x0, 0x0, 0x0, 0x0, 0x24, 0xff,
    0xff, 0x58, 0x0, 0x0, 0x0, 0x0, 0x0, 0x0,
    0x0, 0x0, 0x0, 0x0, 0x24, 0xff, 0xff, 0x58,
    0x0, 0x0, 0x0, 0x0, 0x0, 0x0, 0x0, 0x0,
    0x0, 0x0, 0x24, 0xff, 0xff, 0x58, 0x0, 0x0,
    0x0, 0x0, 0x0, 0x0, 0x0, 0x0, 0x0, 0x0,
    0x24, 0xff, 0xff, 0x58, 0x0, 0x0, 0x0, 0x0,
    0x0, 0x0, 0x0, 0x0, 0x0, 0x0, 0x24, 0xff,
    0xff, 0x58, 0x0, 0x0, 0x0, 0x0, 0x0, 0x0,
    0x0, 0x0, 0x0, 0x0, 0x1b, 0xfc, 0xff, 0x58,
    0x0, 0x0, 0x0, 0x0, 0x0, 0x0, 0x0, 0x0,
    0x0, 0x0, 0x0, 0x59, 0xfc, 0x58, 0x4, 0xff,
    0x9b, 0x1, 0x0, 0x0, 0x0, 0x0, 0x0, 0x0,
    0x0, 0x5d, 0xfe, 0x58, 0x4, 0xff, 0xff, 0x63,
    0x0, 0x0, 0x0, 0x0, 0x0, 0x0, 0x19, 0xfb,
    0xff, 0x58, 0x4, 0xff, 0xff, 0x74, 0x0, 0x0,
    0x0, 0x0, 0x0, 0x0, 0x24, 0xff, 0xff, 0x58,
    0x4, 0xff, 0xff, 0x74, 0x0, 0x0, 0x0, 0x0,
    0x0, 0x0, 0x24, 0xff, 0xff, 0x58, 0x4, 0xff,
    0xff, 0x74, 0x0, 0x0, 0x0, 0x0, 0x0, 0x0,
    0x24, 0xff, 0xff, 0x58, 0x4, 0xff, 0xff, 0x74,
    0x0, 0x0, 0x0, 0x0, 0x0, 0x0, 0x24, 0xff,
    0xff, 0x58, 0x4, 0xff, 0xff, 0x74, 0x0, 0x0,
    0x0, 0x0, 0x0, 0x0, 0x24, 0xff, 0xff, 0x58,
    0x4, 0xff, 0xf2, 0x73, 0x7c, 0x7c, 0x7c, 0x7c,
    0x7c, 0x7c, 0x70, 0xcf, 0xff, 0x58, 0x1, 0xd3,
    0x83, 0xf8, 0xff, 0xff, 0xff, 0xff, 0xff, 0xff,
    0xff, 0xa0, 0xca, 0x39, 0x0, 0x6, 0xd8, 0xff,
    0xff, 0xff, 0xff, 0xff, 0xff, 0xff, 0xff, 0xfb,
    0x32, 0x0,

    /* U+004B "K" */
    0x0, 0xc, 0x0, 0x0, 0x0, 0x0, 0x0, 0x0,
    0x0, 0x0, 0x0, 0x2, 0xe9, 0x53, 0x0, 0x0,
    0x0, 0x0, 0x0, 0x0, 0x0, 0x0, 0x4, 0xff,
    0xfb, 0x43, 0x0, 0x0, 0x0, 0x0, 0x0, 0xe,
    0x1d, 0x4, 0xff, 0xff, 0x74, 0x0, 0x0, 0x0,
    0x0, 0x0, 0x9a, 0x74, 0x4, 0xff, 0xff, 0x74,
    0x0, 0x0, 0x0, 0x0, 0x22, 0xfd, 0x74, 0x4,
    0xff, 0xff, 0x74, 0x0, 0x0, 0x0, 0x0, 0x34,
    0xff, 0x74, 0x4, 0xff, 0xff, 0x74, 0x0, 0x0,
    0x0, 0x0, 0x34, 0xff, 0x65, 0x4, 0xff, 0xff,
    0x74, 0x0, 0x0, 0x0, 0x0, 0x34, 0xe0, 0x8,
    0x4, 0xff, 0xf4, 0x73, 0x78, 0x78, 0x28, 0x0,
    0x6, 0x12, 0x0, 0x2, 0x98, 0x72, 0xf6, 0xff,
    0xff, 0xbb, 0x0, 0x0, 0x0, 0x0, 0x4, 0xff,
    0xaf, 0xbe, 0xff, 0xff, 0x7e, 0x0, 0x0, 0x0,
    0x0, 0x4, 0xff, 0xff, 0x69, 0x0, 0x0, 0x0,
    0x0, 0x1e, 0x6b, 0x0, 0x4, 0xff, 0xff, 0x74,
    0x0, 0x0, 0x0, 0x0, 0x34, 0xfc, 0x29, 0x4,
    0xff, 0xff, 0x74, 0x0, 0x0, 0x0, 0x0, 0x34,
    0xff, 0x73, 0x4, 0xff, 0xff, 0x74, 0x0, 0x0,
    0x0, 0x0, 0x34, 0xff, 0x74, 0x4, 0xff, 0xff,
    0x74, 0x0, 0x0, 0x0, 0x0, 0x11, 0xef, 0x74,
    0x4, 0xff, 0xff, 0x74, 0x0, 0x0, 0x0, 0x0,
    0x0, 0x71, 0x74, 0x4, 0xff, 0xe7, 0x27, 0x0,
    0x0, 0x0, 0x0, 0x0, 0x0, 0x0, 0x1, 0xb6,
    0x28, 0x0, 0x0, 0x0, 0x0, 0x0, 0x0, 0x0,
    0x0,

    /* U+004C "L" */
    0x1, 0xa1, 0x1d, 0x0, 0x0, 0x0, 0x0, 0x0,
    0x0, 0x0, 0x0, 0x0, 0x0, 0x4, 0xff, 0xdd,
    0x1d, 0x0, 0x0, 0x0, 0x0, 0x0, 0x0, 0x0,
    0x0, 0x0, 0x4, 0xff, 0xff, 0x74, 0x0, 0x0,
    0x0, 0x0, 0x0, 0x0, 0x0, 0x0, 0x0, 0x4,
    0xff, 0xff, 0x74, 0x0, 0x0, 0x0, 0x0, 0x0,
    0x0, 0x0, 0x0, 0x0, 0x4, 0xff, 0xff, 0x74,
    0x0, 0x0, 0x0, 0x0, 0x0, 0x0, 0x0, 0x0,
    0x0, 0x4, 0xff, 0xff, 0x74, 0x0, 0x0, 0x0,
    0x0, 0x0, 0x0, 0x0, 0x0, 0x0, 0x4, 0xff,
    0xff, 0x74, 0x0, 0x0, 0x0, 0x0, 0x0, 0x0,
    0x0, 0x0, 0x0, 0x4, 0xff, 0xff, 0x67, 0x0,
    0x0, 0x0, 0x0, 0x0, 0x0, 0x0, 0x0, 0x0,
    0x4, 0xff, 0x9f, 0x2, 0x0, 0x0, 0x0, 0x0,
    0x0, 0x0, 0x0, 0x0, 0x0, 0x4, 0xff, 0x9b,
    0x1, 0x0, 0x0, 0x0, 0x0, 0x0, 0x0, 0x0,
    0x0, 0x0, 0x4, 0xff, 0xff, 0x63, 0x0, 0x0,
    0x0, 0x0, 0x0, 0x0, 0x0, 0x0, 0x0, 0x4,
    0xff, 0xff, 0x74, 0x0, 0x0, 0x0, 0x0, 0x0,
    0x0, 0x0, 0x0, 0x0, 0x4, 0xff, 0xff, 0x74,
    0x0, 0x0, 0x0, 0x0, 0x0, 0x0, 0x0, 0x0,
    0x0, 0x4, 0xff, 0xff, 0x74, 0x0, 0x0, 0x0,
    0x0, 0x0, 0x0, 0x0, 0x0, 0x0, 0x4, 0xff,
    0xff, 0x74, 0x0, 0x0, 0x0, 0x0, 0x0, 0x0,
    0x0, 0x0, 0x0, 0x4, 0xff, 0xff, 0x74, 0x0,
    0x0, 0x0, 0x0, 0x0, 0x0, 0x0, 0x0, 0x0,
    0x4, 0xff, 0xf2, 0x73, 0x7c, 0x7c, 0x7c, 0x7c,
    0x7c, 0x7c, 0x65, 0x0, 0x0, 0x1, 0xd3, 0x83,
    0xf8, 0xff, 0xff, 0xff, 0xff, 0xff, 0xff, 0xff,
    0x8e, 0x0, 0x0, 0x6, 0xd8, 0xff, 0xff, 0xff,
    0xff, 0xff, 0xff, 0xff, 0xff, 0xfb, 0x30,

    /* U+004D "M" */
    0x0, 0x37, 0x0, 0x0, 0x0, 0x0, 0x0, 0x0,
    0x0, 0x0, 0x0, 0x0, 0x34, 0x4, 0x3, 0xfe,
    0x8e, 0x0, 0x0, 0x0, 0x0, 0x0, 0x0, 0x0,
    0x0, 0x47, 0xf8, 0x55, 0x4, 0xff, 0xff, 0x72,
    0x50, 0x0, 0x0, 0x0, 0x0, 0x26, 0x52, 0xf8,
    0xff, 0x58, 0x4, 0xff, 0xff, 0x98, 0xf3, 0x19,
    0x0, 0x0, 0x0, 0xbb, 0x98, 0xff, 0xff, 0x58,
    0x4, 0xff, 0xff, 0x98, 0xff, 0x7c, 0x0, 0x0,
    0x2c, 0xff, 0x98, 0xff, 0xff, 0x58, 0x4, 0xff,
    0xff, 0x98, 0xff, 0x84, 0x0, 0x0, 0x34, 0xff,
    0x98, 0xff, 0xff, 0x58, 0x4, 0xff, 0xff, 0x86,
    0xf6, 0x84, 0x0, 0x0, 0x34, 0xff, 0x7d, 0xff,
    0xff, 0x58, 0x4, 0xff, 0xff, 0x74, 0x81, 0x84,
    0x0, 0x0, 0x34, 0xd1, 0x26, 0xff, 0xff, 0x58,
    0x4, 0xff, 0xeb, 0x29, 0x0, 0x0, 0x0, 0x0,
    0x0, 0x0, 0x7, 0xc1, 0xff, 0x58, 0x2, 0x80,
    0x2f, 0x0, 0x0, 0x0, 0x0, 0x0, 0x0, 0x0,
    0x0, 0xd, 0x7c, 0x2c, 0x4, 0xff, 0x9d, 0x1,
    0x0, 0x0, 0x12, 0x46, 0x0, 0x0, 0x0, 0x60,
    0xfe, 0x58, 0x4, 0xff, 0xff, 0x66, 0x0, 0x0,
    0x93, 0xdd, 0x7, 0x0, 0x1a, 0xfc, 0xff, 0x58,
    0x4, 0xff, 0xff, 0x74, 0x0, 0xd, 0xfb, 0xff,
    0x5c, 0x0, 0x24, 0xff, 0xff, 0x58, 0x4, 0xff,
    0xff, 0x74, 0x0, 0x14, 0xff, 0xff, 0x68, 0x0,
    0x24, 0xff, 0xff, 0x58, 0x4, 0xff, 0xff, 0x74,
    0x0, 0x14, 0xff, 0xff, 0x68, 0x0, 0x24, 0xff,
    0xff, 0x58, 0x4, 0xff, 0xff, 0x74, 0x0, 0x14,
    0xff, 0xff, 0x68, 0x0, 0x24, 0xff, 0xff, 0x58,
    0x4, 0xff, 0xff, 0x74, 0x0, 0x14, 0xff, 0xff,
    0x68, 0x0, 0x24, 0xff, 0xff, 0x58, 0x4, 0xff,
    0xe7, 0x27, 0x0, 0x0, 0x0, 0x0, 0x0, 0x0,
    0x6, 0xb8, 0xff, 0x58, 0x1, 0xb6, 0x28, 0x0,
    0x0, 0x0, 0x0, 0x0, 0x0, 0x0, 0x0, 0x8,
    0xac, 0x2e,

    /* U+004E "N" */
    0x0, 0x37, 0x0, 0x0, 0x0, 0x0, 0x0, 0x0,
    0x0, 0x0, 0x0, 0x0, 0x34, 0x4, 0x3, 0xfe,
    0x8e, 0x0, 0x0, 0x0, 0x0, 0x0, 0x0, 0x0,
    0x0, 0x47, 0xf8, 0x55, 0x4, 0xff, 0xff, 0x72,
    0x50, 0x0, 0x0, 0x0, 0x0, 0x0, 0x18, 0xf8,
    0xff, 0x58, 0x4, 0xff, 0xff, 0x98, 0xf3, 0x19,
    0x0, 0x0, 0x0, 0x0, 0x24, 0xff, 0xff, 0x58,
    0x4, 0xff, 0xff, 0x98, 0xff, 0x7c, 0x0, 0x0,
    0x0, 0x0, 0x24, 0xff, 0xff, 0x58, 0x4, 0xff,
    0xff, 0x98, 0xff, 0x84, 0x0, 0x0, 0x0, 0x0,
    0x24, 0xff, 0xff, 0x58, 0x4, 0xff, 0xff, 0x86,
    0xf6, 0x84, 0x0, 0x0, 0x0, 0x0, 0x24, 0xff,
    0xff, 0x58, 0x4, 0xff, 0xff, 0x74, 0x81, 0x84,
    0x0, 0x0, 0x0, 0x0, 0x24, 0xff, 0xff, 0x58,
    0x4, 0xff, 0xeb, 0x29, 0x0, 0x0, 0x0, 0x0,
    0x0, 0x0, 0x7, 0xc1, 0xff, 0x58, 0x2, 0x80,
    0x2f, 0x0, 0x0, 0x0, 0x0, 0x0, 0x0, 0x0,
    0x0, 0xd, 0x7c, 0x2c, 0x4, 0xff, 0x9b, 0x1,
    0x0, 0x0, 0x0, 0x0, 0x0, 0x0, 0x0, 0x5c,
    0xfe, 0x58, 0x4, 0xff, 0xff, 0x62, 0x0, 0x0,
    0x0, 0x0, 0x1a, 0x58, 0x19, 0xfa, 0xff, 0x58,
    0x4, 0xff, 0xff, 0x74, 0x0, 0x0, 0x0, 0x0,
    0x34, 0xf9, 0x46, 0xff, 0xff, 0x58, 0x4, 0xff,
    0xff, 0x74, 0x0, 0x0, 0x0, 0x0, 0x34, 0xff,
    0x97, 0xff, 0xff, 0x58, 0x4, 0xff, 0xff, 0x74,
    0x0, 0x0, 0x0, 0x0, 0x34, 0xff, 0x98, 0xff,
    0xff, 0x58, 0x4, 0xff, 0xff, 0x74, 0x0, 0x0,
    0x0, 0x0, 0x12, 0xf0, 0x98, 0xff, 0xff, 0x58,
    0x4, 0xff, 0xff, 0x74, 0x0, 0x0, 0x0, 0x0,
    0x0, 0x72, 0x98, 0xff, 0xff, 0x58, 0x4, 0xff,
    0xe7, 0x27, 0x0, 0x0, 0x0, 0x0, 0x0, 0x0,
    0x6, 0xb8, 0xff, 0x58, 0x1, 0xb6, 0x28, 0x0,
    0x0, 0x0, 0x0, 0x0, 0x0, 0x0, 0x0, 0x8,
    0xac, 0x2e,

    /* U+004F "O" */
    0x0, 0x6, 0xd8, 0xff, 0xff, 0xff, 0xff, 0xff,
    0xff, 0xff, 0xff, 0xfb, 0x32, 0x0, 0x1, 0xd3,
    0x84, 0xf8, 0xff, 0xff, 0xff, 0xff, 0xff, 0xff,
    0xff, 0xa0, 0xc9, 0x39, 0x4, 0xff, 0xf3, 0x74,
    0x7c, 0x7c, 0x7c, 0x7c, 0x7c, 0x7c, 0x6f, 0xcc,
    0xff, 0x58, 0x4, 0xff, 0xff, 0x74, 0x0, 0x0,
    0x0, 0x0, 0x0, 0x0, 0x24, 0xff, 0xff, 0x58,
    0x4, 0xff, 0xff, 0x74, 0x0, 0x0, 0x0, 0x0,
    0x0, 0x0, 0x24, 0xff, 0xff, 0x58, 0x4, 0xff,
    0xff, 0x74, 0x0, 0x0, 0x0, 0x0, 0x0, 0x0,
    0x24, 0xff, 0xff, 0x58, 0x4, 0xff, 0xff, 0x74,
    0x0, 0x0, 0x0, 0x0, 0x0, 0x0, 0x24, 0xff,
    0xff, 0x58, 0x4, 0xff, 0xff, 0x74, 0x0, 0x0,
    0x0, 0x0, 0x0, 0x0, 0x24, 0xff, 0xff, 0x58,
    0x4, 0xff, 0xff, 0x52, 0x0, 0x0, 0x0, 0x0,
    0x0, 0x0, 0x14, 0xef, 0xff, 0x58, 0x3, 0xcc,
    0x6b, 0x0, 0x0, 0x0, 0x0, 0x0, 0x0, 0x0,
    0x0, 0x33, 0xc8, 0x46, 0x3, 0xcc, 0x6b, 0x0,
    0x0, 0x0, 0x0, 0x0, 0x0, 0x0, 0x0, 0x3a,
    0xca, 0x46, 0x4, 0xff, 0xff, 0x52, 0x0, 0x0,
    0x0, 0x0, 0x0, 0x0, 0x14, 0xef, 0xff, 0x58,
    0x4, 0xff, 0xff, 0x74, 0x0, 0x0, 0x0, 0x0,
    0x0, 0x0, 0x24, 0xff, 0xff, 0x58, 0x4, 0xff,
    0xff, 0x74, 0x0, 0x0, 0x0, 0x0, 0x0, 0x0,
    0x24, 0xff, 0xff, 0x58, 0x4, 0xff, 0xff, 0x74,
    0x0, 0x0, 0x0, 0x0, 0x0, 0x0, 0x24, 0xff,
    0xff, 0x58, 0x4, 0xff, 0xff, 0x74, 0x0, 0x0,
    0x0, 0x0, 0x0, 0x0, 0x24, 0xff, 0xff, 0x58,
    0x4, 0xff, 0xff, 0x74, 0x0, 0x0, 0x0, 0x0,
    0x0, 0x0, 0x24, 0xff, 0xff, 0x58, 0x4, 0xff,
    0xf2, 0x73, 0x7c, 0x7c, 0x7c, 0x7c, 0x7c, 0x7c,
    0x70, 0xcf, 0xff, 0x58, 0x1, 0xd3, 0x83, 0xf8,
    0xff, 0xff, 0xff, 0xff, 0xff, 0xff, 0xff, 0xa0,
    0xca, 0x39, 0x0, 0x6, 0xd8, 0xff, 0xff, 0xff,
    0xff, 0xff, 0xff, 0xff, 0xff, 0xfb, 0x32, 0x0,

    /* U+0050 "P" */
    0x0, 0x6, 0xd8, 0xff, 0xff, 0xff, 0xff, 0xff,
    0xff, 0xff, 0xff, 0xfb, 0x32, 0x0, 0x1, 0xd3,
    0x83, 0xf8, 0xff, 0xff, 0xff, 0xff, 0xff, 0xff,
    0xff, 0xa0, 0xc8, 0x39, 0x4, 0xff, 0xf2, 0x72,
    0x7c, 0x7c, 0x7c, 0x7c, 0x7c, 0x7c, 0x6f, 0xca,
    0xff, 0x58, 0x4, 0xff, 0xff, 0x74, 0x0, 0x0,
    0x0, 0x0, 0x0, 0x0, 0x24, 0xff, 0xff, 0x58,
    0x4, 0xff, 0xff, 0x74, 0x0, 0x0, 0x0, 0x0,
    0x0, 0x0, 0x24, 0xff, 0xff, 0x58, 0x4, 0xff,
    0xff, 0x74, 0x0, 0x0, 0x0, 0x0, 0x0, 0x0,
    0x24, 0xff, 0xff, 0x58, 0x4, 0xff, 0xff, 0x74,
    0x0, 0x0, 0x0, 0x0, 0x0, 0x0, 0x24, 0xff,
    0xff, 0x58, 0x4, 0xff, 0xff, 0x74, 0x0, 0x0,
    0x0, 0x0, 0x0, 0x0, 0x24, 0xff, 0xff, 0x58,
    0x4, 0xff, 0xff, 0x68, 0x0, 0x0, 0x0, 0x0,
    0x0, 0x0, 0x1c, 0xfe, 0xff, 0x58, 0x4, 0xff,
    0xae, 0xbe, 0xff, 0xff, 0x7e, 0x2e, 0xfc, 0xff,
    0xe5, 0x86, 0xfd, 0x58, 0x2, 0x98, 0x73, 0xf7,
    0xff, 0xff, 0xbb, 0x68, 0xff, 0xff, 0xff, 0x7b,
    0x6, 0x2, 0x4, 0xff, 0xf3, 0x73, 0x78, 0x78,
    0x28, 0x4, 0x74, 0x78, 0x61, 0x0, 0x0, 0x0,
    0x4, 0xff, 0xff, 0x74, 0x0, 0x0, 0x0, 0x0,
    0x0, 0x0, 0x0, 0x0, 0x0, 0x0, 0x4, 0xff,
    0xff, 0x74, 0x0, 0x0, 0x0, 0x0, 0x0, 0x0,
    0x0, 0x0, 0x0, 0x0, 0x4, 0xff, 0xff, 0x74,
    0x0, 0x0, 0x0, 0x0, 0x0, 0x0, 0x0, 0x0,
    0x0, 0x0, 0x4, 0xff, 0xff, 0x74, 0x0, 0x0,
    0x0, 0x0, 0x0, 0x0, 0x0, 0x0, 0x0, 0x0,
    0x4, 0xff, 0xff, 0x74, 0x0, 0x0, 0x0, 0x0,
    0x0, 0x0, 0x0, 0x0, 0x0, 0x0, 0x4, 0xff,
    0xff, 0x50, 0x0, 0x0, 0x0, 0x0, 0x0, 0x0,
    0x0, 0x0, 0x0, 0x0, 0x2, 0xf6, 0x6c, 0x0,
    0x0, 0x0, 0x0, 0x0, 0x0, 0x0, 0x0, 0x0,
    0x0, 0x0, 0x0, 0x1b, 0x0, 0x0, 0x0, 0x0,
    0x0, 0x0, 0x0, 0x0, 0x0, 0x0, 0x0, 0x0,

    /* U+0051 "Q" */
    0x0, 0x6, 0xd8, 0xff, 0xff, 0xff, 0xff, 0xff,
    0xff, 0xff, 0xff, 0xfb, 0x32, 0x0, 0x1, 0xd3,
    0x84, 0xf8, 0xff, 0xff, 0xff, 0xff, 0xff, 0xff,
    0xff, 0xa0, 0xc9, 0x39, 0x4, 0xff, 0xf3, 0x74,
    0x7c, 0x7c, 0x7c, 0x7c, 0x7c, 0x7c, 0x6f, 0xcc,
    0xff, 0x58, 0x4, 0xff, 0xff, 0x74, 0x0, 0x0,
    0x0, 0x0, 0x0, 0x0, 0x24, 0xff, 0xff, 0x58,
    0x4, 0xff, 0xff, 0x74, 0x0, 0x0, 0x0, 0x0,
    0x0, 0x0, 0x24, 0xff, 0xff, 0x58, 0x4, 0xff,
    0xff, 0x74, 0x0, 0x0, 0x0, 0x0, 0x0, 0x0,
    0x24, 0xff, 0xff, 0x58, 0x4, 0xff, 0xff, 0x74,
    0x0, 0x0, 0x0, 0x0, 0x0, 0x0, 0x24, 0xff,
    0xff, 0x58, 0x4, 0xff, 0xff, 0x74, 0x0, 0x0,
    0x0, 0x0, 0x0, 0x0, 0x24, 0xff, 0xff, 0x58,
    0x4, 0xff, 0xff, 0x52, 0x0, 0x0, 0x0, 0x0,
    0x0, 0x0, 0x14, 0xef, 0xff, 0x58, 0x3, 0xcc,
    0x6b, 0x0, 0x0, 0x0, 0x0, 0x0, 0x0, 0x0,
    0x0, 0x33, 0xc8, 0x46, 0x3, 0xcc, 0x6b, 0x0,
    0x0, 0x0, 0x0, 0x0, 0x0, 0x0, 0x0, 0x3a,
    0xca, 0x46, 0x4, 0xff, 0xff, 0x52, 0x0, 0x0,
    0x0, 0x0, 0x12, 0x3b, 0x14, 0xef, 0xff, 0x58,
    0x4, 0xff, 0xff, 0x74, 0x0, 0x0, 0x0, 0x0,
    0x34, 0xf1, 0x3a, 0xff, 0xff, 0x58, 0x4, 0xff,
    0xff, 0x74, 0x0, 0x0, 0x0, 0x0, 0x34, 0xff,
    0x93, 0xff, 0xff, 0x58, 0x4, 0xff, 0xff, 0x74,
    0x0, 0x0, 0x0, 0x0, 0x34, 0xff, 0x98, 0xff,
    0xff, 0x58, 0x4, 0xff, 0xff, 0x74, 0x0, 0x0,
    0x0, 0x0, 0x1a, 0xf8, 0x98, 0xff, 0xff, 0x58,
    0x4, 0xff, 0xff, 0x74, 0x0, 0x0, 0x0, 0x0,
    0x0, 0x85, 0x98, 0xff, 0xff, 0x58, 0x4, 0xff,
    0xf3, 0x74, 0x7c, 0x7c, 0x7c, 0x7c, 0x7c, 0x82,
    0x7e, 0xcf, 0xff, 0x58, 0x1, 0xd4, 0x84, 0xf8,
    0xff, 0xff, 0xff, 0xff, 0xff, 0xff, 0xff, 0xa0,
    0xca, 0x39, 0x0, 0x6, 0xd8, 0xff, 0xff, 0xff,
    0xff, 0xff, 0xff, 0xff, 0xff, 0xfb, 0x32, 0x0,

    /* U+0052 "R" */
    0x0, 0x6, 0xd8, 0xff, 0xff, 0xff, 0xff, 0xff,
    0xff, 0xff, 0xff, 0xfb, 0x32, 0x0, 0x1, 0xd3,
    0x83, 0xf8, 0xff, 0xff, 0xff, 0xff, 0xff, 0xff,
    0xff, 0xa0, 0xc8, 0x39, 0x4, 0xff, 0xf2, 0x72,
    0x7c, 0x7c, 0x7c, 0x7c, 0x7c, 0x7c, 0x6f, 0xca,
    0xff, 0x58, 0x4, 0xff, 0xff, 0x74, 0x0, 0x0,
    0x0, 0x0, 0x0, 0x0, 0x24, 0xff, 0xff, 0x58,
    0x4, 0xff, 0xff, 0x74, 0x0, 0x0, 0x0, 0x0,
    0x0, 0x0, 0x24, 0xff, 0xff, 0x58, 0x4, 0xff,
    0xff, 0x74, 0x0, 0x0, 0x0, 0x0, 0x0, 0x0,
    0x24, 0xff, 0xff, 0x58, 0x4, 0xff, 0xff, 0x74,
    0x0, 0x0, 0x0, 0x0, 0x0, 0x0, 0x24, 0xff,
    0xff, 0x58, 0x4, 0xff, 0xff, 0x74, 0x0, 0x0,
    0x0, 0x0, 0x0, 0x0, 0x24, 0xff, 0xff, 0x58,
    0x4, 0xff, 0xff, 0x68, 0x0, 0x0, 0x0, 0x0,
    0x0, 0x0, 0x1c, 0xfe, 0xff, 0x58, 0x4, 0xff,
    0xae, 0xbe, 0xff, 0xff, 0x7e, 0x2e, 0xfc, 0xff,
    0xe5, 0x86, 0xfd, 0x58, 0x2, 0x98, 0x73, 0xf7,
    0xff, 0xff, 0xbb, 0x68, 0xff, 0xff, 0xff, 0x7b,
    0x6, 0x2, 0x4, 0xff, 0xf4, 0x74, 0x78, 0x78,
    0x28, 0x4, 0x7c, 0x8f, 0x61, 0x0, 0x0, 0x0,
    0x4, 0xff, 0xff, 0x74, 0x0, 0x0, 0x0, 0x0,
    0x34, 0xe4, 0xc, 0x0, 0x0, 0x0, 0x4, 0xff,
    0xff, 0x74, 0x0, 0x0, 0x0, 0x0, 0x34, 0xff,
    0x6a, 0x0, 0x0, 0x0, 0x4, 0xff, 0xff, 0x74,
    0x0, 0x0, 0x0, 0x0, 0x34, 0xff, 0x74, 0x0,
    0x0, 0x0, 0x4, 0xff, 0xff, 0x74, 0x0, 0x0,
    0x0, 0x0, 0x17, 0xf4, 0x74, 0x0, 0x0, 0x0,
    0x4, 0xff, 0xff, 0x74, 0x0, 0x0, 0x0, 0x0,
    0x0, 0x74, 0x72, 0x0, 0x0, 0x0, 0x4, 0xff,
    0xe5, 0x25, 0x0, 0x0, 0x0, 0x0, 0x0, 0x0,
    0x0, 0x0, 0x0, 0x0, 0x1, 0xb2, 0x26, 0x0,
    0x0, 0x0, 0x0, 0x0, 0x0, 0x0, 0x0, 0x0,
    0x0, 0x0,

    /* U+0053 "S" */
    0x0, 0x6, 0xd8, 0xff, 0xff, 0xff, 0xff, 0xff,
    0xff, 0xff, 0xff, 0xfb, 0x30, 0x0, 0x1, 0xd3,
    0x84, 0xf8, 0xff, 0xff, 0xff, 0xff, 0xff, 0xff,
    0xff, 0x8f, 0x0, 0x0, 0x4, 0xff, 0xf3, 0x78,
    0x8a, 0x7c, 0x7c, 0x7c, 0x7c, 0x7c, 0x65, 0x0,
    0x0, 0x0, 0x4, 0xff, 0xff, 0x98, 0xcf, 0x2,
    0x0, 0x0, 0x0, 0x0, 0x0, 0x0, 0x0, 0x0,
    0x4, 0xff, 0xff, 0x98, 0xff, 0x5a, 0x0, 0x0,
    0x0, 0x0, 0x0, 0x0, 0x0, 0x0, 0x4, 0xff,
    0xff, 0x98, 0xff, 0x84, 0x0, 0x0, 0x0, 0x0,
    0x0, 0x0, 0x0, 0x0, 0x4, 0xff, 0xff, 0x97,
    0xff, 0x84, 0x0, 0x0, 0x0, 0x0, 0x0, 0x0,
    0x0, 0x0, 0x4, 0xff, 0xff, 0x76, 0xcf, 0x84,
    0x0, 0x0, 0x0, 0x0, 0x0, 0x0, 0x0, 0x0,
    0x4, 0xff, 0xff, 0x68, 0x38, 0x4c, 0x0, 0x0,
    0x0, 0x0, 0x0, 0x0, 0x0, 0x0, 0x4, 0xff,
    0xae, 0xbe, 0xff, 0xff, 0x7e, 0x2e, 0xfc, 0xff,
    0xe5, 0x25, 0x0, 0x0, 0x0, 0x8, 0x38, 0xf7,
    0xff, 0xff, 0xbb, 0x68, 0xff, 0xff, 0xff, 0x90,
    0x7e, 0x2c, 0x0, 0x0, 0x0, 0x3c, 0x78, 0x78,
    0x28, 0x4, 0x7b, 0x8d, 0x6d, 0xd3, 0xff, 0x58,
    0x0, 0x0, 0x0, 0x0, 0x0, 0x0, 0x0, 0x0,
    0x34, 0xe1, 0x2d, 0xff, 0xff, 0x58, 0x0, 0x0,
    0x0, 0x0, 0x0, 0x0, 0x0, 0x0, 0x34, 0xff,
    0x8b, 0xff, 0xff, 0x58, 0x0, 0x0, 0x0, 0x0,
    0x0, 0x0, 0x0, 0x0, 0x34, 0xff, 0x98, 0xff,
    0xff, 0x58, 0x0, 0x0, 0x0, 0x0, 0x0, 0x0,
    0x0, 0x0, 0x1d, 0xfb, 0x98, 0xff, 0xff, 0x58,
    0x0, 0x0, 0x0, 0x0, 0x0, 0x0, 0x0, 0x0,
    0x0, 0x8b, 0x98, 0xff, 0xff, 0x58, 0x0, 0x0,
    0x0, 0x3f, 0x7c, 0x7c, 0x7c, 0x7c, 0x7c, 0x83,
    0x80, 0xd0, 0xff, 0x58, 0x0, 0x0, 0x47, 0xf8,
    0xff, 0xff, 0xff, 0xff, 0xff, 0xff, 0xff, 0xa1,
    0xcb, 0x39, 0x0, 0x4, 0xd8, 0xff, 0xff, 0xff,
    0xff, 0xff, 0xff, 0xff, 0xff, 0xfb, 0x32, 0x0,

    /* U+0054 "T" */
    0x4, 0xd8, 0xff, 0xff, 0xff, 0xff, 0xff, 0xff,
    0xff, 0xff, 0xfb, 0x30, 0x0, 0x48, 0xf8, 0xff,
    0xff, 0xff, 0xff, 0xff, 0xff, 0xff, 0x8f, 0x0,
    0x0, 0x0, 0x3f, 0x7c, 0x7c, 0x7c, 0x7c, 0x7c,
    0x7c, 0x65, 0x0, 0x0, 0x0, 0x0, 0x0, 0x0,
    0x14, 0xff, 0xff, 0x68, 0x0, 0x0, 0x0, 0x0,
    0x0, 0x0, 0x0, 0x0, 0x14, 0xff, 0xff, 0x68,
    0x0, 0x0, 0x0, 0x0, 0x0, 0x0, 0x0, 0x0,
    0x14, 0xff, 0xff, 0x68, 0x0, 0x0, 0x0, 0x0,
    0x0, 0x0, 0x0, 0x0, 0x14, 0xff, 0xff, 0x68,
    0x0, 0x0, 0x0, 0x0, 0x0, 0x0, 0x0, 0x0,
    0xc, 0xf9, 0xff, 0x59, 0x0, 0x0, 0x0, 0x0,
    0x0, 0x0, 0x0, 0x0, 0x0, 0x8a, 0xd7, 0x4,
    0x0, 0x0, 0x0, 0x0, 0x0, 0x0, 0x0, 0x0,
    0x0, 0xd, 0x3b, 0x0, 0x0, 0x0, 0x0, 0x0,
    0x0, 0x0, 0x0, 0x0, 0x0, 0x2, 0x1b, 0x0,
    0x0, 0x0, 0x0, 0x0, 0x0, 0x0, 0x0, 0x0,
    0x0, 0x65, 0xb6, 0x0, 0x0, 0x0, 0x0, 0x0,
    0x0, 0x0, 0x0, 0x0, 0x7, 0xe9, 0xff, 0x44,
    0x0, 0x0, 0x0, 0x0, 0x0, 0x0, 0x0, 0x0,
    0x14, 0xff, 0xff, 0x68, 0x0, 0x0, 0x0, 0x0,
    0x0, 0x0, 0x0, 0x0, 0x14, 0xff, 0xff, 0x68,
    0x0, 0x0, 0x0, 0x0, 0x0, 0x0, 0x0, 0x0,
    0x14, 0xff, 0xff, 0x68, 0x0, 0x0, 0x0, 0x0,
    0x0, 0x0, 0x0, 0x0, 0x14, 0xff, 0xff, 0x68,
    0x0, 0x0, 0x0, 0x0, 0x0, 0x0, 0x0, 0x0,
    0x5, 0x40, 0x40, 0x1a, 0x0, 0x0, 0x0, 0x0,

    /* U+0055 "U" */
    0x1, 0xa1, 0x1d, 0x0, 0x0, 0x0, 0x0, 0x0,
    0x0, 0x0, 0x0, 0x3, 0x97, 0x27, 0x4, 0xff,
    0xdd, 0x1d, 0x0, 0x0, 0x0, 0x0, 0x0, 0x0,
    0x3, 0xa8, 0xff, 0x58, 0x4, 0xff, 0xff, 0x74,
    0x0, 0x0, 0x0, 0x0, 0x0, 0x0, 0x24, 0xff,
    0xff, 0x58, 0x4, 0xff, 0xff, 0x74, 0x0, 0x0,
    0x0, 0x0, 0x0, 0x0, 0x24, 0xff, 0xff, 0x58,
    0x4, 0xff, 0xff, 0x74, 0x0, 0x0, 0x0, 0x0,
    0x0, 0x0, 0x24, 0xff, 0xff, 0x58, 0x4, 0xff,
    0xff, 0x74, 0x0, 0x0, 0x0, 0x0, 0x0, 0x0,
    0x24, 0xff, 0xff, 0x58, 0x4, 0xff, 0xff, 0x74,
    0x0, 0x0, 0x0, 0x0, 0x0, 0x0, 0x24, 0xff,
    0xff, 0x58, 0x4, 0xff, 0xff, 0x67, 0x0, 0x0,
    0x0, 0x0, 0x0, 0x0, 0x1b, 0xfc, 0xff, 0x58,
    0x4, 0xff, 0x9f, 0x2, 0x0, 0x0, 0x0, 0x0,
    0x0, 0x0, 0x0, 0x59, 0xfc, 0x58, 0x4, 0xff,
    0x9b, 0x1, 0x0, 0x0, 0x0, 0x0, 0x0, 0x0,
    0x0, 0x5d, 0xfe, 0x58, 0x4, 0xff, 0xff, 0x63,
    0x0, 0x0, 0x0, 0x0, 0x0, 0x0, 0x19, 0xfb,
    0xff, 0x58, 0x4, 0xff, 0xff, 0x74, 0x0, 0x0,
    0x0, 0x0, 0x0, 0x0, 0x24, 0xff, 0xff, 0x58,
    0x4, 0xff, 0xff, 0x74, 0x0, 0x0, 0x0, 0x0,
    0x0, 0x0, 0x24, 0xff, 0xff, 0x58, 0x4, 0xff,
    0xff, 0x74, 0x0, 0x0, 0x0, 0x0, 0x0, 0x0,
    0x24, 0xff, 0xff, 0x58, 0x4, 0xff, 0xff, 0x74,
    0x0, 0x0, 0x0, 0x0, 0x0, 0x0, 0x24, 0xff,
    0xff, 0x58, 0x4, 0xff, 0xff, 0x74, 0x0, 0x0,
    0x0, 0x0, 0x0, 0x0, 0x24, 0xff, 0xff, 0x58,
    0x4, 0xff, 0xf2, 0x73, 0x7c, 0x7c, 0x7c, 0x7c,
    0x7c, 0x7c, 0x70, 0xcf, 0xff, 0x58, 0x1, 0xd3,
    0x83, 0xf8, 0xff, 0xff, 0xff, 0xff, 0xff, 0xff,
    0xff, 0xa0, 0xca, 0x39, 0x0, 0x6, 0xd8, 0xff,
    0xff, 0xff, 0xff, 0xff, 0xff, 0xff, 0xff, 0xfb,
    0x32, 0x0,

    /* U+0056 "V" */
    0x0, 0x37, 0x0, 0x0, 0x0, 0x0, 0x0, 0x0,
    0x0, 0x0, 0x0, 0x3, 0xfe, 0x8e, 0x0, 0x0,
    0x0, 0x0, 0x0, 0x0, 0x0, 0x0, 0x4, 0xff,
    0xff, 0x60, 0x0, 0x0, 0x0, 0x0, 0x0, 0x26,
    0x3a, 0x4, 0xff, 0xff, 0x74, 0x0, 0x0, 0x0,
    0x0, 0x0, 0xbb, 0x74, 0x4, 0xff, 0xff, 0x74,
    0x0, 0x0, 0x0, 0x0, 0x2c, 0xff, 0x74, 0x4,
    0xff, 0xff, 0x74, 0x0, 0x0, 0x0, 0x0, 0x34,
    0xff, 0x74, 0x4, 0xff, 0xff, 0x74, 0x0, 0x0,
    0x0, 0x0, 0x34, 0xff, 0x59, 0x4, 0xff, 0xff,
    0x74, 0x0, 0x0, 0x0, 0x0, 0x34, 0xd1, 0x2,
    0x4, 0xff, 0xeb, 0x29, 0x0, 0x0, 0x0, 0x0,
    0x0, 0x0, 0x0, 0x2, 0x80, 0x2f, 0x0, 0x0,
    0x0, 0x0, 0x0, 0x0, 0x0, 0x0, 0x4, 0xff,
    0x9b, 0x1, 0x0, 0x0, 0x0, 0x0, 0x0, 0x0,
    0x0, 0x4, 0xff, 0xff, 0x62, 0x2e, 0x42, 0x0,
    0x0, 0x0, 0x0, 0x0, 0x4, 0xff, 0xff, 0x75,
    0xc9, 0x84, 0x0, 0x0, 0x0, 0x0, 0x0, 0x4,
    0xff, 0xff, 0x97, 0xff, 0x84, 0x0, 0x0, 0x0,
    0x0, 0x0, 0x4, 0xff, 0xff, 0x98, 0xff, 0x84,
    0x0, 0x0, 0x0, 0x0, 0x0, 0x4, 0xff, 0xff,
    0x98, 0xff, 0x53, 0x0, 0x0, 0x0, 0x0, 0x0,
    0x4, 0xff, 0xff, 0x98, 0xc4, 0x0, 0x0, 0x0,
    0x0, 0x0, 0x0, 0x4, 0xff, 0xe7, 0x27, 0x0,
    0x0, 0x0, 0x0, 0x0, 0x0, 0x0, 0x1, 0xb6,
    0x28, 0x0, 0x0, 0x0, 0x0, 0x0, 0x0, 0x0,
    0x0,

    /* U+0057 "W" */
    0x0, 0x37, 0x0, 0x0, 0x0, 0x0, 0x0, 0x0,
    0x0, 0x0, 0x0, 0x0, 0x34, 0x4, 0x3, 0xfe,
    0x8e, 0x0, 0x0, 0x0, 0x0, 0x0, 0x0, 0x0,
    0x0, 0x47, 0xf8, 0x55, 0x4, 0xff, 0xff, 0x60,
    0x0, 0xa, 0x80, 0x80, 0x34, 0x0, 0x18, 0xf8,
    0xff, 0x58, 0x4, 0xff, 0xff, 0x74, 0x0, 0x14,
    0xff, 0xff, 0x68, 0x0, 0x24, 0xff, 0xff, 0x58,
    0x4, 0xff, 0xff, 0x74, 0x0, 0x14, 0xff, 0xff,
    0x68, 0x0, 0x24, 0xff, 0xff, 0x58, 0x4, 0xff,
    0xff, 0x74, 0x0, 0x14, 0xff, 0xff, 0x68, 0x0,
    0x24, 0xff, 0xff, 0x58, 0x4, 0xff, 0xff, 0x74,
    0x0, 0x14, 0xff, 0xff, 0x68, 0x0, 0x24, 0xff,
    0xff, 0x58, 0x4, 0xff, 0xff, 0x74, 0x0, 0x3,
    0xd7, 0xfd, 0x30, 0x0, 0x24, 0xff, 0xff, 0x58,
    0x4, 0xff, 0xee, 0x2e, 0x0, 0x0, 0x4a, 0x9a,
    0x0, 0x0, 0x9, 0xc6, 0xff, 0x58, 0x2, 0x80,
    0x2f, 0x0, 0x0, 0x0, 0x0, 0xb, 0x0, 0x0,
    0x0, 0xe, 0x7c, 0x2c, 0x4, 0xff, 0x9b, 0x1,
    0x0, 0x0, 0x0, 0x0, 0x0, 0x0, 0x0, 0x5c,
    0xfe, 0x58, 0x4, 0xff, 0xff, 0x62, 0x2e, 0x42,
    0x0, 0x0, 0x1a, 0x58, 0x19, 0xfa, 0xff, 0x58,
    0x4, 0xff, 0xff, 0x75, 0xc9, 0x84, 0x0, 0x0,
    0x34, 0xf9, 0x46, 0xff, 0xff, 0x58, 0x4, 0xff,
    0xff, 0x97, 0xff, 0x84, 0x0, 0x0, 0x34, 0xff,
    0x97, 0xff, 0xff, 0x58, 0x4, 0xff, 0xff, 0x98,
    0xff, 0x84, 0x0, 0x0, 0x34, 0xff, 0x98, 0xff,
    0xff, 0x58, 0x4, 0xff, 0xff, 0x98, 0xff, 0x53,
    0x0, 0x0, 0x12, 0xf0, 0x98, 0xff, 0xff, 0x58,
    0x4, 0xff, 0xff, 0x98, 0xc4, 0x0, 0x0, 0x0,
    0x0, 0x72, 0x98, 0xff, 0xff, 0x58, 0x4, 0xff,
    0xe7, 0x27, 0x0, 0x0, 0x0, 0x0, 0x0, 0x0,
    0x6, 0xb8, 0xff, 0x58, 0x1, 0xb6, 0x28, 0x0,
    0x0, 0x0, 0x0, 0x0, 0x0, 0x0, 0x0, 0x8,
    0xac, 0x2e,

    /* U+0058 "X" */
    0x9, 0x23, 0x0, 0x0, 0x0, 0x0, 0xe, 0x1d,
    0x24, 0xe0, 0x8, 0x0, 0x0, 0x0, 0x98, 0x74,
    0x24, 0xff, 0x6d, 0x0, 0x0, 0x20, 0xfd, 0x74,
    0x24, 0xff, 0x84, 0x0, 0x0, 0x34, 0xff, 0x74,
    0x1b, 0xff, 0x84, 0x0, 0x0, 0x34, 0xff, 0x6a,
    0x0, 0xa5, 0x84, 0x0, 0x0, 0x34, 0xe9, 0xd,
    0x0, 0x11, 0x1e, 0x0, 0x0, 0xc, 0x24, 0x0,
    0x0, 0x0, 0x0, 0x0, 0x0, 0x0, 0x0, 0x0,
    0x0, 0x0, 0x0, 0x0, 0x0, 0x0, 0x0, 0x0,
    0x0, 0x2c, 0x3f, 0x0, 0x0, 0x19, 0x54, 0x0,
    0x1, 0xc8, 0x84, 0x0, 0x0, 0x34, 0xf8, 0x22,
    0x23, 0xff, 0x84, 0x0, 0x0, 0x34, 0xff, 0x73,
    0x24, 0xff, 0x84, 0x0, 0x0, 0x34, 0xff, 0x74,
    0x24, 0xff, 0x54, 0x0, 0x0, 0x13, 0xf1, 0x74,
    0x24, 0xc4, 0x0, 0x0, 0x0, 0x0, 0x73, 0x74,

    /* U+0059 "Y" */
    0x12, 0x50, 0x0, 0x0, 0x0, 0x0, 0x26, 0x3a,
    0x24, 0xf3, 0x19, 0x0, 0x0, 0x0, 0xbb, 0x74,
    0x24, 0xff, 0x7c, 0x0, 0x0, 0x2c, 0xff, 0x74,
    0x24, 0xff, 0x84, 0x0, 0x0, 0x34, 0xff, 0x74,
    0x12, 0xf6, 0x84, 0x0, 0x0, 0x34, 0xff, 0x59,
    0x0, 0x81, 0x84, 0x0, 0x0, 0x34, 0xd1, 0x2,
    0x0, 0x0, 0x0, 0x0, 0x0, 0x0, 0x0, 0x0,
    0x0, 0x0, 0x0, 0x0, 0x0, 0x0, 0x0, 0x0,
    0x0, 0x0, 0x0, 0x1a, 0x57, 0x0, 0x0, 0x0,
    0x0, 0x0, 0x0, 0xa0, 0xe6, 0xb, 0x0, 0x0,
    0x0, 0x0, 0xf, 0xfd, 0xff, 0x60, 0x0, 0x0,
    0x0, 0x0, 0x14, 0xff, 0xff, 0x68, 0x0, 0x0,
    0x0, 0x0, 0x14, 0xff, 0xff, 0x68, 0x0, 0x0,
    0x0, 0x0, 0x14, 0xff, 0xff, 0x68, 0x0, 0x0,
    0x0, 0x0, 0x14, 0xff, 0xff, 0x68, 0x0, 0x0,

    /* U+005A "Z" */
    0x4, 0xd8, 0xff, 0xff, 0xff, 0xff, 0xff, 0xff,
    0xff, 0xff, 0xfb, 0x30, 0x0, 0x48, 0xf8, 0xff,
    0xff, 0xff, 0xff, 0xff, 0xff, 0xff, 0x8f, 0x0,
    0x0, 0x0, 0x3f, 0x7c, 0x7c, 0x7c, 0x7c, 0x7c,
    0x82, 0x73, 0x0, 0x0, 0x0, 0x0, 0x0, 0x0,
    0x0, 0x0, 0x0, 0x0, 0x85, 0x74, 0x0, 0x0,
    0x0, 0x0, 0x0, 0x0, 0x0, 0x0, 0x0, 0x1a,
    0xf8, 0x74, 0x0, 0x0, 0x0, 0x0, 0x0, 0x0,
    0x0, 0x0, 0x0, 0x34, 0xff, 0x74, 0x0, 0x0,
    0x0, 0x0, 0x0, 0x0, 0x0, 0x0, 0x0, 0x34,
    0xff, 0x6f, 0x0, 0x0, 0x0, 0x0, 0x0, 0x0,
    0x0, 0x0, 0x0, 0x34, 0xf2, 0x16, 0x0, 0x0,
    0x0, 0x0, 0x0, 0x0, 0x0, 0x0, 0x0, 0x12,
    0x3b, 0x0, 0x0, 0x0, 0x0, 0x0, 0x0, 0x0,
    0x0, 0x0, 0x0, 0x0, 0x0, 0x0, 0x0, 0x0,
    0x0, 0x0, 0x0, 0x0, 0x0, 0x0, 0x0, 0x0,
    0x0, 0x0, 0x0, 0x0, 0x0, 0x0, 0x0, 0x1d,
    0x2f, 0x0, 0x0, 0x0, 0x0, 0x0, 0x0, 0x0,
    0x0, 0x0, 0x0, 0xb7, 0x84, 0x0, 0x0, 0x0,
    0x0, 0x0, 0x0, 0x0, 0x0, 0x0, 0x20, 0xff,
    0x84, 0x0, 0x0, 0x0, 0x0, 0x0, 0x0, 0x0,
    0x0, 0x0, 0x24, 0xff, 0x84, 0x0, 0x0, 0x0,
    0x0, 0x0, 0x0, 0x0, 0x0, 0x0, 0x24, 0xff,
    0x62, 0x0, 0x0, 0x0, 0x0, 0x0, 0x0, 0x0,
    0x0, 0x0, 0x24, 0xd4, 0x3, 0x0, 0x0, 0x0,
    0x0, 0x0, 0x0, 0x0, 0x0, 0x0, 0x43, 0x8c,
    0x7c, 0x7c, 0x7c, 0x7c, 0x7c, 0x65, 0x0, 0x0,
    0x0, 0x47, 0xf8, 0xff, 0xff, 0xff, 0xff, 0xff,
    0xff, 0xff, 0x8e, 0x0, 0x4, 0xd8, 0xff, 0xff,
    0xff, 0xff, 0xff, 0xff, 0xff, 0xff, 0xfb, 0x30,

    /* U+005C "\\" */
    0x12, 0x50, 0x0, 0x0, 0x0, 0x0, 0x0, 0x0,
    0x24, 0xf3, 0x19, 0x0, 0x0, 0x0, 0x0, 0x0,
    0x24, 0xff, 0x7c, 0x0, 0x0, 0x0, 0x0, 0x0,
    0x24, 0xff, 0x84, 0x0, 0x0, 0x0, 0x0, 0x0,
    0x12, 0xf6, 0x84, 0x0, 0x0, 0x0, 0x0, 0x0,
    0x0, 0x81, 0x84, 0x0, 0x0, 0x0, 0x0, 0x0,
    0x0, 0x0, 0x0, 0x0, 0x0, 0x0, 0x0, 0x0,
    0x0, 0x0, 0x0, 0x0, 0x0, 0x0, 0x0, 0x0,
    0x0, 0x0, 0x0, 0x0, 0x0, 0x0, 0x0, 0x0,
    0x0, 0x0, 0x0, 0x0, 0x0, 0x1a, 0x58, 0x0,
    0x0, 0x0, 0x0, 0x0, 0x0, 0x34, 0xf9, 0x22,
    0x0, 0x0, 0x0, 0x0, 0x0, 0x34, 0xff, 0x73,
    0x0, 0x0, 0x0, 0x0, 0x0, 0x34, 0xff, 0x74,
    0x0, 0x0, 0x0, 0x0, 0x0, 0x12, 0xf0, 0x74,
    0x0, 0x0, 0x0, 0x0, 0x0, 0x0, 0x72, 0x74,

    /* U+005E "^" */
    0x1, 0xb5, 0x27, 0x0, 0x0, 0x0, 0x4, 0xff,
    0xe7, 0x26, 0x0, 0x0, 0x4, 0xff, 0xff, 0x98,
    0xc3, 0x0, 0x4, 0xff, 0xff, 0x98, 0xff, 0x53,
    0x4, 0xff, 0xff, 0x98, 0xff, 0x84, 0x4, 0xff,
    0xff, 0x97, 0xff, 0x84, 0x4, 0xff, 0xff, 0x75,
    0xc9, 0x84, 0x4, 0xff, 0xff, 0x62, 0x2e, 0x42,
    0x4, 0xff, 0x9b, 0x1, 0x0, 0x0,

    /* U+005F "_" */
    0x0, 0x0, 0x3f, 0x7c, 0x7c, 0x7c, 0x7c, 0x7c,
    0x7c, 0x65, 0x0, 0x0, 0x0, 0x47, 0xf8, 0xff,
    0xff, 0xff, 0xff, 0xff, 0xff, 0xff, 0x8e, 0x0,
    0x4, 0xd8, 0xff, 0xff, 0xff, 0xff, 0xff, 0xff,
    0xff, 0xff, 0xfb, 0x30,

    /* U+0060 "`" */
    0x12, 0x50, 0x0, 0x24, 0xf3, 0x19, 0x24, 0xff,
    0x7c, 0x24, 0xff, 0x84, 0x12, 0xf6, 0x84, 0x0,
    0x81, 0x84,

    /* U+0061 "a" */
    0x0, 0x6, 0xd8, 0xff, 0xff, 0xff, 0xff, 0xff,
    0xff, 0xff, 0xff, 0xfb, 0x32, 0x0, 0x1, 0xd3,
    0x83, 0xf8, 0xff, 0xff, 0xff, 0xff, 0xff, 0xff,
    0xff, 0xa0, 0xc8, 0x39, 0x4, 0xff, 0xf2, 0x72,
    0x7c, 0x7c, 0x7c, 0x7c, 0x7c, 0x7c, 0x6f, 0xca,
    0xff, 0x58, 0x4, 0xff, 0xff, 0x74, 0x0, 0x0,
    0x0, 0x0, 0x0, 0x0, 0x24, 0xff, 0xff, 0x58,
    0x4, 0xff, 0xff, 0x74, 0x0, 0x0, 0x0, 0x0,
    0x0, 0x0, 0x24, 0xff, 0xff, 0x58, 0x4, 0xff,
    0xff, 0x74, 0x0, 0x0, 0x0, 0x0, 0x0, 0x0,
    0x24, 0xff, 0xff, 0x58, 0x4, 0xff, 0xff, 0x74,
    0x0, 0x0, 0x0, 0x0, 0x0, 0x0, 0x24, 0xff,
    0xff, 0x58, 0x4, 0xff, 0xff, 0x74, 0x0, 0x0,
    0x0, 0x0, 0x0, 0x0, 0x24, 0xff, 0xff, 0x58,
    0x4, 0xff, 0xff, 0x68, 0x0, 0x0, 0x0, 0x0,
    0x0, 0x0, 0x1c, 0xfe, 0xff, 0x58, 0x4, 0xff,
    0xae, 0xbe, 0xff, 0xff, 0x7e, 0x2e, 0xfc, 0xff,
    0xe5, 0x86, 0xfd, 0x58, 0x2, 0x98, 0x73, 0xf7,
    0xff, 0xff, 0xbb, 0x68, 0xff, 0xff, 0xff, 0x95,
    0x95, 0x34, 0x4, 0xff, 0xf3, 0x73, 0x78, 0x78,
    0x28, 0x4, 0x74, 0x78, 0x6d, 0xd4, 0xff, 0x58,
    0x4, 0xff, 0xff, 0x74, 0x0, 0x0, 0x0, 0x0,
    0x0, 0x0, 0x24, 0xff, 0xff, 0x58, 0x4, 0xff,
    0xff, 0x74, 0x0, 0x0, 0x0, 0x0, 0x0, 0x0,
    0x24, 0xff, 0xff, 0x58, 0x4, 0xff, 0xff, 0x74,
    0x0, 0x0, 0x0, 0x0, 0x0, 0x0, 0x24, 0xff,
    0xff, 0x58, 0x4, 0xff, 0xff, 0x74, 0x0, 0x0,
    0x0, 0x0, 0x0, 0x0, 0x24, 0xff, 0xff, 0x58,
    0x4, 0xff, 0xff, 0x74, 0x0, 0x0, 0x0, 0x0,
    0x0, 0x0, 0x24, 0xff, 0xff, 0x58, 0x4, 0xff,
    0xff, 0x50, 0x0, 0x0, 0x0, 0x0, 0x0, 0x0,
    0x13, 0xec, 0xff, 0x58, 0x2, 0xf6, 0x6c, 0x0,
    0x0, 0x0, 0x0, 0x0, 0x0, 0x0, 0x0, 0x30,
    0xec, 0x4d, 0x0, 0x1b, 0x0, 0x0, 0x0, 0x0,
    0x0, 0x0, 0x0, 0x0, 0x0, 0x0, 0x1b, 0x0,

    /* U+0062 "b" */
    0x4, 0xd8, 0xff, 0xff, 0xff, 0xff, 0xff, 0xff,
    0xff, 0xff, 0xfb, 0x32, 0x0, 0x0, 0x48, 0xf8,
    0xff, 0xff, 0xff, 0xff, 0xff, 0xff, 0xff, 0xa0,
    0xc9, 0x39, 0x0, 0x0, 0x3f, 0x7c, 0x7e, 0x98,
    0x98, 0x87, 0x7c, 0x6f, 0xcc, 0xff, 0x58, 0x0,
    0x0, 0x0, 0x0, 0x14, 0xff, 0xff, 0x68, 0x0,
    0x24, 0xff, 0xff, 0x58, 0x0, 0x0, 0x0, 0x0,
    0x14, 0xff, 0xff, 0x68, 0x0, 0x24, 0xff, 0xff,
    0x58, 0x0, 0x0, 0x0, 0x0, 0x14, 0xff, 0xff,
    0x68, 0x0, 0x24, 0xff, 0xff, 0x58, 0x0, 0x0,
    0x0, 0x0, 0x14, 0xff, 0xff, 0x68, 0x0, 0x24,
    0xff, 0xff, 0x58, 0x0, 0x0, 0x0, 0x0, 0xd,
    0xfc, 0xff, 0x5d, 0x0, 0x24, 0xff, 0xff, 0x58,
    0x0, 0x0, 0x0, 0x0, 0x0, 0x96, 0xdf, 0x8,
    0x0, 0x1c, 0xfe, 0xff, 0x58, 0x0, 0x0, 0x0,
    0x0, 0x0, 0x15, 0x79, 0xfc, 0xff, 0xe5, 0x86,
    0xfd, 0x58, 0x0, 0x0, 0x0, 0x0, 0x0, 0x0,
    0x79, 0xff, 0xff, 0xff, 0x90, 0x85, 0x2e, 0x0,
    0x0, 0x0, 0x0, 0x0, 0x59, 0xad, 0x74, 0x78,
    0x6d, 0xd3, 0xff, 0x58, 0x0, 0x0, 0x0, 0x0,
    0x6, 0xe4, 0xff, 0x3e, 0x0, 0x24, 0xff, 0xff,
    0x58, 0x0, 0x0, 0x0, 0x0, 0x14, 0xff, 0xff,
    0x68, 0x0, 0x24, 0xff, 0xff, 0x58, 0x0, 0x0,
    0x0, 0x0, 0x14, 0xff, 0xff, 0x68, 0x0, 0x24,
    0xff, 0xff, 0x58, 0x0, 0x0, 0x0, 0x0, 0x14,
    0xff, 0xff, 0x68, 0x0, 0x24, 0xff, 0xff, 0x58,
    0x0, 0x0, 0x0, 0x0, 0x14, 0xff, 0xff, 0x68,
    0x0, 0x24, 0xff, 0xff, 0x58, 0x0, 0x0, 0x3f,
    0x7c, 0x7e, 0xa0, 0xa0, 0x8a, 0x7c, 0x70, 0xd0,
    0xff, 0x58, 0x0, 0x47, 0xf8, 0xff, 0xff, 0xff,
    0xff, 0xff, 0xff, 0xff, 0xa1, 0xcb, 0x39, 0x4,
    0xd8, 0xff, 0xff, 0xff, 0xff, 0xff, 0xff, 0xff,
    0xff, 0xfb, 0x32, 0x0,

    /* U+0063 "c" */
    0x0, 0x6, 0xd8, 0xff, 0xff, 0xff, 0xff, 0xff,
    0xff, 0xff, 0xff, 0xfb, 0x30, 0x1, 0xd3, 0x84,
    0xf8, 0xff, 0xff, 0xff, 0xff, 0xff, 0xff, 0xff,
    0x8f, 0x0, 0x4, 0xff, 0xf3, 0x74, 0x7c, 0x7c,
    0x7c, 0x7c, 0x7c, 0x7c, 0x65, 0x0, 0x0, 0x4,
    0xff, 0xff, 0x74, 0x0, 0x0, 0x0, 0x0, 0x0,
    0x0, 0x0, 0x0, 0x0, 0x4, 0xff, 0xff, 0x74,
    0x0, 0x0, 0x0, 0x0, 0x0, 0x0, 0x0, 0x0,
    0x0, 0x4, 0xff, 0xff, 0x74, 0x0, 0x0, 0x0,
    0x0, 0x0, 0x0, 0x0, 0x0, 0x0, 0x4, 0xff,
    0xff, 0x74, 0x0, 0x0, 0x0, 0x0, 0x0, 0x0,
    0x0, 0x0, 0x0, 0x4, 0xff, 0xff, 0x74, 0x0,
    0x0, 0x0, 0x0, 0x0, 0x0, 0x0, 0x0, 0x0,
    0x4, 0xff, 0xff, 0x52, 0x0, 0x0, 0x0, 0x0,
    0x0, 0x0, 0x0, 0x0, 0x0, 0x3, 0xcc, 0x6b,
    0x0, 0x0, 0x0, 0x0, 0x0, 0x0, 0x0, 0x0,
    0x0, 0x0, 0x3, 0xcc, 0x6b, 0x0, 0x0, 0x0,
    0x0, 0x0, 0x0, 0x0, 0x0, 0x0, 0x0, 0x4,
    0xff, 0xff, 0x52, 0x0, 0x0, 0x0, 0x0, 0x0,
    0x0, 0x0, 0x0, 0x0, 0x4, 0xff, 0xff, 0x74,
    0x0, 0x0, 0x0, 0x0, 0x0, 0x0, 0x0, 0x0,
    0x0, 0x4, 0xff, 0xff, 0x74, 0x0, 0x0, 0x0,
    0x0, 0x0, 0x0, 0x0, 0x0, 0x0, 0x4, 0xff,
    0xff, 0x74, 0x0, 0x0, 0x0, 0x0, 0x0, 0x0,
    0x0, 0x0, 0x0, 0x4, 0xff, 0xff, 0x74, 0x0,
    0x0, 0x0, 0x0, 0x0, 0x0, 0x0, 0x0, 0x0,
    0x4, 0xff, 0xff, 0x74, 0x0, 0x0, 0x0, 0x0,
    0x0, 0x0, 0x0, 0x0, 0x0, 0x4, 0xff, 0xf2,
    0x73, 0x7c, 0x7c, 0x7c, 0x7c, 0x7c, 0x7c, 0x65,
    0x0, 0x0, 0x1, 0xd3, 0x83, 0xf8, 0xff, 0xff,
    0xff, 0xff, 0xff, 0xff, 0xff, 0x8e, 0x0, 0x0,
    0x6, 0xd8, 0xff, 0xff, 0xff, 0xff, 0xff, 0xff,
    0xff, 0xff, 0xfb, 0x30,

    /* U+0064 "d" */
    0x4, 0xd8, 0xff, 0xff, 0xff, 0xff, 0xff, 0xff,
    0xff, 0xff, 0xfb, 0x32, 0x0, 0x0, 0x48, 0xf8,
    0xff, 0xff, 0xff, 0xff, 0xff, 0xff, 0xff, 0x9c,
    0xc6, 0x39, 0x0, 0x0, 0x3f, 0x7c, 0x7c, 0x7c,
    0x7c, 0x7c, 0x7c, 0x6c, 0xc0, 0xff, 0x58, 0x0,
    0x0, 0x0, 0x0, 0x14, 0xff, 0xff, 0x68, 0x0,
    0x24, 0xff, 0xff, 0x58, 0x0, 0x0, 0x0, 0x0,
    0x14, 0xff, 0xff, 0x68, 0x0, 0x24, 0xff, 0xff,
    0x58, 0x0, 0x0, 0x0, 0x0, 0x14, 0xff, 0xff,
    0x68, 0x0, 0x24, 0xff, 0xff, 0x58, 0x0, 0x0,
    0x0, 0x0, 0x14, 0xff, 0xff, 0x68, 0x0, 0x24,
    0xff, 0xff, 0x58, 0x0, 0x0, 0x0, 0x0, 0xc,
    0xf9, 0xff, 0x59, 0x0, 0x24, 0xff, 0xff, 0x58,
    0x0, 0x0, 0x0, 0x0, 0x0, 0x8a, 0xd7, 0x4,
    0x0, 0x19, 0xf8, 0xff, 0x58, 0x0, 0x0, 0x0,
    0x0, 0x0, 0xd, 0x3b, 0x0, 0x0, 0x0, 0x49,
    0xe8, 0x51, 0x0, 0x0, 0x0, 0x0, 0x0, 0x2,
    0x1b, 0x0, 0x0, 0x0, 0x21, 0x9a, 0x35, 0x0,
    0x0, 0x0, 0x0, 0x0, 0x65, 0xb6, 0x0, 0x0,
    0xe, 0xdf, 0xff, 0x58, 0x0, 0x0, 0x0, 0x0,
    0x7, 0xe9, 0xff, 0x44, 0x0, 0x24, 0xff, 0xff,
    0x58, 0x0, 0x0, 0x0, 0x0, 0x14, 0xff, 0xff,
    0x68, 0x0, 0x24, 0xff, 0xff, 0x58, 0x0, 0x0,
    0x0, 0x0, 0x14, 0xff, 0xff, 0x68, 0x0, 0x24,
    0xff, 0xff, 0x58, 0x0, 0x0, 0x0, 0x0, 0x14,
    0xff, 0xff, 0x68, 0x0, 0x24, 0xff, 0xff, 0x58,
    0x0, 0x0, 0x0, 0x0, 0x14, 0xff, 0xff, 0x68,
    0x0, 0x24, 0xff, 0xff, 0x58, 0x0, 0x0, 0x3f,
    0x7c, 0x81, 0xbc, 0xbc, 0x96, 0x7c, 0x73, 0xd9,
    0xff, 0x58, 0x0, 0x47, 0xf8, 0xff, 0xff, 0xff,
    0xff, 0xff, 0xff, 0xff, 0xa5, 0xcd, 0x39, 0x4,
    0xd8, 0xff, 0xff, 0xff, 0xff, 0xff, 0xff, 0xff,
    0xff, 0xfb, 0x32, 0x0,

    /* U+0065 "e" */
    0x0, 0x6, 0xd8, 0xff, 0xff, 0xff, 0xff, 0xff,
    0xff, 0xff, 0xff, 0xfb, 0x30, 0x1, 0xd3, 0x83,
    0xf8, 0xff, 0xff, 0xff, 0xff, 0xff, 0xff, 0xff,
    0x8f, 0x0, 0x4, 0xff, 0xf2, 0x72, 0x7c, 0x7c,
    0x7c, 0x7c, 0x7c, 0x7c, 0x65, 0x0, 0x0, 0x4,
    0xff, 0xff, 0x74, 0x0, 0x0, 0x0, 0x0, 0x0,
    0x0, 0x0, 0x0, 0x0, 0x4, 0xff, 0xff, 0x74,
    0x0, 0x0, 0x0, 0x0, 0x0, 0x0, 0x0, 0x0,
    0x0, 0x4, 0xff, 0xff, 0x74, 0x0, 0x0, 0x0,
    0x0, 0x0, 0x0, 0x0, 0x0, 0x0, 0x4, 0xff,
    0xff, 0x74, 0x0, 0x0, 0x0, 0x0, 0x0, 0x0,
    0x0, 0x0, 0x0, 0x4, 0xff, 0xff, 0x74, 0x0,
    0x0, 0x0, 0x0, 0x0, 0x0, 0x0, 0x0, 0x0,
    0x4, 0xff, 0xff, 0x68, 0x0, 0x0, 0x0, 0x0,
    0x0, 0x0, 0x0, 0x0, 0x0, 0x4, 0xff, 0xae,
    0xbe, 0xff, 0xff, 0x7e, 0x2e, 0xfc, 0xff, 0xe5,
    0x25, 0x0, 0x2, 0x98, 0x73, 0xf7, 0xff, 0xff,
    0xbb, 0x68, 0xff, 0xff, 0xff, 0x7b, 0x0, 0x4,
    0xff, 0xf4, 0x74, 0x78, 0x78, 0x28, 0x4, 0x74,
    0x78, 0x61, 0x0, 0x0, 0x4, 0xff, 0xff, 0x74,
    0x0, 0x0, 0x0, 0x0, 0x0, 0x0, 0x0, 0x0,
    0x0, 0x4, 0xff, 0xff, 0x74, 0x0, 0x0, 0x0,
    0x0, 0x0, 0x0, 0x0, 0x0, 0x0, 0x4, 0xff,
    0xff, 0x74, 0x0, 0x0, 0x0, 0x0, 0x0, 0x0,
    0x0, 0x0, 0x0, 0x4, 0xff, 0xff, 0x74, 0x0,
    0x0, 0x0, 0x0, 0x0, 0x0, 0x0, 0x0, 0x0,
    0x4, 0xff, 0xff, 0x74, 0x0, 0x0, 0x0, 0x0,
    0x0, 0x0, 0x0, 0x0, 0x0, 0x4, 0xff, 0xf3,
    0x74, 0x7c, 0x7c, 0x7c, 0x7c, 0x7c, 0x7c, 0x65,
    0x0, 0x0, 0x1, 0xd4, 0x84, 0xf8, 0xff, 0xff,
    0xff, 0xff, 0xff, 0xff, 0xff, 0x8e, 0x0, 0x0,
    0x6, 0xd8, 0xff, 0xff, 0xff, 0xff, 0xff, 0xff,
    0xff, 0xff, 0xfb, 0x30,

    /* U+0066 "f" */
    0x0, 0x6, 0xd8, 0xff, 0xff, 0xff, 0xff, 0xff,
    0xff, 0xff, 0xff, 0xfb, 0x30, 0x1, 0xd3, 0x83,
    0xf8, 0xff, 0xff, 0xff, 0xff, 0xff, 0xff, 0xff,
    0x8f, 0x0, 0x4, 0xff, 0xf2, 0x72, 0x7c, 0x7c,
    0x7c, 0x7c, 0x7c, 0x7c, 0x65, 0x0, 0x0, 0x4,
    0xff, 0xff, 0x74, 0x0, 0x0, 0x0, 0x0, 0x0,
    0x0, 0x0, 0x0, 0x0, 0x4, 0xff, 0xff, 0x74,
    0x0, 0x0, 0x0, 0x0, 0x0, 0x0, 0x0, 0x0,
    0x0, 0x4, 0xff, 0xff, 0x74, 0x0, 0x0, 0x0,
    0x0, 0x0, 0x0, 0x0, 0x0, 0x0, 0x4, 0xff,
    0xff, 0x74, 0x0, 0x0, 0x0, 0x0, 0x0, 0x0,
    0x0, 0x0, 0x0, 0x4, 0xff, 0xff, 0x74, 0x0,
    0x0, 0x0, 0x0, 0x0, 0x0, 0x0, 0x0, 0x0,
    0x4, 0xff, 0xff, 0x68, 0x0, 0x0, 0x0, 0x0,
    0x0, 0x0, 0x0, 0x0, 0x0, 0x4, 0xff, 0xae,
    0xbe, 0xff, 0xff, 0x7e, 0x2e, 0xfc, 0xff, 0xe5,
    0x25, 0x0, 0x2, 0x98, 0x73, 0xf7, 0xff, 0xff,
    0xbb, 0x68, 0xff, 0xff, 0xff, 0x7b, 0x0, 0x4,
    0xff, 0xf3, 0x73, 0x78, 0x78, 0x28, 0x4, 0x74,
    0x78, 0x61, 0x0, 0x0, 0x4, 0xff, 0xff, 0x74,
    0x0, 0x0, 0x0, 0x0, 0x0, 0x0, 0x0, 0x0,
    0x0, 0x4, 0xff, 0xff, 0x74, 0x0, 0x0, 0x0,
    0x0, 0x0, 0x0, 0x0, 0x0, 0x0, 0x4, 0xff,
    0xff, 0x74, 0x0, 0x0, 0x0, 0x0, 0x0, 0x0,
    0x0, 0x0, 0x0, 0x4, 0xff, 0xff, 0x74, 0x0,
    0x0, 0x0, 0x0, 0x0, 0x0, 0x0, 0x0, 0x0,
    0x4, 0xff, 0xff, 0x74, 0x0, 0x0, 0x0, 0x0,
    0x0, 0x0, 0x0, 0x0, 0x0, 0x4, 0xff, 0xff,
    0x50, 0x0, 0x0, 0x0, 0x0, 0x0, 0x0, 0x0,
    0x0, 0x0, 0x2, 0xf6, 0x6c, 0x0, 0x0, 0x0,
    0x0, 0x0, 0x0, 0x0, 0x0, 0x0, 0x0, 0x0,
    0x1b, 0x0, 0x0, 0x0, 0x0, 0x0, 0x0, 0x0,
    0x0, 0x0, 0x0, 0x0,

    /* U+0067 "g" */
    0x0, 0x6, 0xd8, 0xff, 0xff, 0xff, 0xff, 0xff,
    0xff, 0xff, 0xff, 0xfb, 0x30, 0x0, 0x1, 0xd3,
    0x83, 0xf8, 0xff, 0xff, 0xff, 0xff, 0xff, 0xff,
    0xff, 0x8f, 0x0, 0x0, 0x4, 0xff, 0xf2, 0x72,
    0x7c, 0x7c, 0x7c, 0x7c, 0x7c, 0x7c, 0x65, 0x0,
    0x0, 0x0, 0x4, 0xff, 0xff, 0x74, 0x0, 0x0,
    0x0, 0x0, 0x0, 0x0, 0x0, 0x0, 0x0, 0x0,
    0x4, 0xff, 0xff, 0x74, 0x0, 0x0, 0x0, 0x0,
    0x0, 0x0, 0x0, 0x0, 0x0, 0x0, 0x4, 0xff,
    0xff, 0x74, 0x0, 0x0, 0x0, 0x0, 0x0, 0x0,
    0x0, 0x0, 0x0, 0x0, 0x4, 0xff, 0xff, 0x74,
    0x0, 0x0, 0x0, 0x0, 0x0, 0x0, 0x0, 0x0,
    0x0, 0x0, 0x4, 0xff, 0xff, 0x74, 0x0, 0x0,
    0x0, 0x0, 0x0, 0x0, 0x0, 0x0, 0x0, 0x0,
    0x4, 0xff, 0xff, 0x68, 0x0, 0x0, 0x0, 0x0,
    0x0, 0x0, 0x0, 0x0, 0x0, 0x0, 0x4, 0xff,
    0xa5, 0x3, 0x0, 0x0, 0x0, 0x2e, 0xfc, 0xff,
    0xe5, 0x25, 0x0, 0x0, 0x2, 0x98, 0x3c, 0x0,
    0x0, 0x0, 0x0, 0x68, 0xff, 0xff, 0xff, 0x95,
    0x8e, 0x31, 0x4, 0xff, 0xf4, 0x38, 0x0, 0x0,
    0x0, 0x4, 0x74, 0x78, 0x6d, 0xd6, 0xff, 0x58,
    0x4, 0xff, 0xff, 0x74, 0x0, 0x0, 0x0, 0x0,
    0x0, 0x0, 0x24, 0xff, 0xff, 0x58, 0x4, 0xff,
    0xff, 0x74, 0x0, 0x0, 0x0, 0x0, 0x0, 0x0,
    0x24, 0xff, 0xff, 0x58, 0x4, 0xff, 0xff, 0x74,
    0x0, 0x0, 0x0, 0x0, 0x0, 0x0, 0x24, 0xff,
    0xff, 0x58, 0x4, 0xff, 0xff, 0x74, 0x0, 0x0,
    0x0, 0x0, 0x0, 0x0, 0x24, 0xff, 0xff, 0x58,
    0x4, 0xff, 0xff, 0x74, 0x0, 0x0, 0x0, 0x0,
    0x0, 0x0, 0x24, 0xff, 0xff, 0x58, 0x4, 0xff,
    0xf3, 0x74, 0x7c, 0x7c, 0x7c, 0x7c, 0x7c, 0x7c,
    0x70, 0xd0, 0xff, 0x58, 0x1, 0xd4, 0x84, 0xf8,
    0xff, 0xff, 0xff, 0xff, 0xff, 0xff, 0xff, 0xa1,
    0xcb, 0x39, 0x0, 0x6, 0xd8, 0xff, 0xff, 0xff,
    0xff, 0xff, 0xff, 0xff, 0xff, 0xfb, 0x32, 0x0,

    /* U+0068 "h" */
    0x0, 0x1b, 0x0, 0x0, 0x0, 0x0, 0x0, 0x0,
    0x0, 0x0, 0x0, 0x0, 0x1b, 0x0, 0x2, 0xf6,
    0x6b, 0x0, 0x0, 0x0, 0x0, 0x0, 0x0, 0x0,
    0x0, 0x2f, 0xec, 0x4d, 0x4, 0xff, 0xff, 0x50,
    0x0, 0x0, 0x0, 0x0, 0x0, 0x0, 0x13, 0xec,
    0xff, 0x58, 0x4, 0xff, 0xff, 0x74, 0x0, 0x0,
    0x0, 0x0, 0x0, 0x0, 0x24, 0xff, 0xff, 0x58,
    0x4, 0xff, 0xff, 0x74, 0x0, 0x0, 0x0, 0x0,
    0x0, 0x0, 0x24, 0xff, 0xff, 0x58, 0x4, 0xff,
    0xff, 0x74, 0x0, 0x0, 0x0, 0x0, 0x0, 0x0,
    0x24, 0xff, 0xff, 0x58, 0x4, 0xff, 0xff, 0x74,
    0x0, 0x0, 0x0, 0x0, 0x0, 0x0, 0x24, 0xff,
    0xff, 0x58, 0x4, 0xff, 0xff, 0x74, 0x0, 0x0,
    0x0, 0x0, 0x0, 0x0, 0x24, 0xff, 0xff, 0x58,
    0x4, 0xff, 0xf4, 0x73, 0x78, 0x78, 0x28, 0x4,
    0x74, 0x78, 0x69, 0xd2, 0xff, 0x58, 0x2, 0x98,
    0x72, 0xf6, 0xff, 0xff, 0xbb, 0x68, 0xff, 0xff,
    0xff, 0x8b, 0x93, 0x34, 0x4, 0xff, 0xaf, 0xbe,
    0xff, 0xff, 0x7e, 0x2e, 0xfc, 0xff, 0xe9, 0x93,
    0xff, 0x58, 0x4, 0xff, 0xff, 0x69, 0x0, 0x0,
    0x0, 0x0, 0x0, 0x0, 0x1c, 0xfd, 0xff, 0x58,
    0x4, 0xff, 0xff, 0x74, 0x0, 0x0, 0x0, 0x0,
    0x0, 0x0, 0x24, 0xff, 0xff, 0x58, 0x4, 0xff,
    0xff, 0x74, 0x0, 0x0, 0x0, 0x0, 0x0, 0x0,
    0x24, 0xff, 0xff, 0x58, 0x4, 0xff, 0xff, 0x74,
    0x0, 0x0, 0x0, 0x0, 0x0, 0x0, 0x24, 0xff,
    0xff, 0x58, 0x4, 0xff, 0xff, 0x74, 0x0, 0x0,
    0x0, 0x0, 0x0, 0x0, 0x24, 0xff, 0xff, 0x58,
    0x4, 0xff, 0xff, 0x74, 0x0, 0x0, 0x0, 0x0,
    0x0, 0x0, 0x24, 0xff, 0xff, 0x58, 0x4, 0xff,
    0xd9, 0x1a, 0x0, 0x0, 0x0, 0x0, 0x0, 0x0,
    0x2, 0xa2, 0xff, 0x58, 0x1, 0x9a, 0x1a, 0x0,
    0x0, 0x0, 0x0, 0x0, 0x0, 0x0, 0x0, 0x2,
    0x90, 0x24,

    /* U+0069 "i" */
    0x4, 0xd8, 0xff, 0xff, 0xff, 0xff, 0xff, 0xff,
    0xff, 0xff, 0xfb, 0x30, 0x0, 0x48, 0xf8, 0xff,
    0xff, 0xff, 0xff, 0xff, 0xff, 0xff, 0x8f, 0x0,
    0x0, 0x0, 0x3f, 0x7c, 0x7c, 0x7c, 0x7c, 0x7c,
    0x7c, 0x65, 0x0, 0x0, 0x0, 0x0, 0x0, 0x0,
    0x14, 0xff, 0xff, 0x68, 0x0, 0x0, 0x0, 0x0,
    0x0, 0x0, 0x0, 0x0, 0x14, 0xff, 0xff, 0x68,
    0x0, 0x0, 0x0, 0x0, 0x0, 0x0, 0x0, 0x0,
    0x14, 0xff, 0xff, 0x68, 0x0, 0x0, 0x0, 0x0,
    0x0, 0x0, 0x0, 0x0, 0x14, 0xff, 0xff, 0x68,
    0x0, 0x0, 0x0, 0x0, 0x0, 0x0, 0x0, 0x0,
    0xc, 0xf9, 0xff, 0x59, 0x0, 0x0, 0x0, 0x0,
    0x0, 0x0, 0x0, 0x0, 0x0, 0x8a, 0xd7, 0x4,
    0x0, 0x0, 0x0, 0x0, 0x0, 0x0, 0x0, 0x0,
    0x0, 0xd, 0x3b, 0x0, 0x0, 0x0, 0x0, 0x0,
    0x0, 0x0, 0x0, 0x0, 0x0, 0x2, 0x1b, 0x0,
    0x0, 0x0, 0x0, 0x0, 0x0, 0x0, 0x0, 0x0,
    0x0, 0x65, 0xb6, 0x0, 0x0, 0x0, 0x0, 0x0,
    0x0, 0x0, 0x0, 0x0, 0x7, 0xe9, 0xff, 0x44,
    0x0, 0x0, 0x0, 0x0, 0x0, 0x0, 0x0, 0x0,
    0x14, 0xff, 0xff, 0x68, 0x0, 0x0, 0x0, 0x0,
    0x0, 0x0, 0x0, 0x0, 0x14, 0xff, 0xff, 0x68,
    0x0, 0x0, 0x0, 0x0, 0x0, 0x0, 0x0, 0x0,
    0x14, 0xff, 0xff, 0x68, 0x0, 0x0, 0x0, 0x0,
    0x0, 0x0, 0x0, 0x0, 0x14, 0xff, 0xff, 0x68,
    0x0, 0x0, 0x0, 0x0, 0x0, 0x0, 0x3f, 0x7c,
    0x81, 0xbc, 0xbc, 0x96, 0x7c, 0x65, 0x0, 0x0,
    0x0, 0x47, 0xf8, 0xff, 0xff, 0xff, 0xff, 0xff,
    0xff, 0xff, 0x8e, 0x0, 0x4, 0xd8, 0xff, 0xff,
    0xff, 0xff, 0xff, 0xff, 0xff, 0xff, 0xfb, 0x30,

    /* U+006A "j" */
    0x0, 0x0, 0x0, 0x0, 0x0, 0x0, 0x0, 0x0,
    0x0, 0x0, 0x0, 0x3, 0x97, 0x27, 0x0, 0x0,
    0x0, 0x0, 0x0, 0x0, 0x0, 0x0, 0x0, 0x0,
    0x3, 0xa8, 0xff, 0x58, 0x0, 0x0, 0x0, 0x0,
    0x0, 0x0, 0x0, 0x0, 0x0, 0x0, 0x24, 0xff,
    0xff, 0x58, 0x0, 0x0, 0x0, 0x0, 0x0, 0x0,
    0x0, 0x0, 0x0, 0x0, 0x24, 0xff, 0xff, 0x58,
    0x0, 0x0, 0x0, 0x0, 0x0, 0x0, 0x0, 0x0,
    0x0, 0x0, 0x24, 0xff, 0xff, 0x58, 0x0, 0x0,
    0x0, 0x0, 0x0, 0x0, 0x0, 0x0, 0x0, 0x0,
    0x24, 0xff, 0xff, 0x58, 0x0, 0x0, 0x0, 0x0,
    0x0, 0x0, 0x0, 0x0, 0x0, 0x0, 0x24, 0xff,
    0xff, 0x58, 0x0, 0x0, 0x0, 0x0, 0x0, 0x0,
    0x0, 0x0, 0x0, 0x0, 0x1b, 0xfc, 0xff, 0x58,
    0x0, 0x0, 0x0, 0x0, 0x0, 0x0, 0x0, 0x0,
    0x0, 0x0, 0x0, 0x59, 0xfc, 0x58, 0x4, 0xff,
    0x9b, 0x1, 0x0, 0x0, 0x0, 0x0, 0x0, 0x0,
    0x0, 0x5d, 0xfe, 0x58, 0x4, 0xff, 0xff, 0x63,
    0x0, 0x0, 0x0, 0x0, 0x0, 0x0, 0x19, 0xfb,
    0xff, 0x58, 0x4, 0xff, 0xff, 0x74, 0x0, 0x0,
    0x0, 0x0, 0x0, 0x0, 0x24, 0xff, 0xff, 0x58,
    0x4, 0xff, 0xff, 0x74, 0x0, 0x0, 0x0, 0x0,
    0x0, 0x0, 0x24, 0xff, 0xff, 0x58, 0x4, 0xff,
    0xff, 0x74, 0x0, 0x0, 0x0, 0x0, 0x0, 0x0,
    0x24, 0xff, 0xff, 0x58, 0x4, 0xff, 0xff, 0x74,
    0x0, 0x0, 0x0, 0x0, 0x0, 0x0, 0x24, 0xff,
    0xff, 0x58, 0x4, 0xff, 0xff, 0x74, 0x0, 0x0,
    0x0, 0x0, 0x0, 0x0, 0x24, 0xff, 0xff, 0x58,
    0x4, 0xff, 0xf2, 0x73, 0x7c, 0x7c, 0x7c, 0x7c,
    0x7c, 0x7c, 0x70, 0xcf, 0xff, 0x58, 0x1, 0xd3,
    0x83, 0xf8, 0xff, 0xff, 0xff, 0xff, 0xff, 0xff,
    0xff, 0xa0, 0xca, 0x39, 0x0, 0x6, 0xd8, 0xff,
    0xff, 0xff, 0xff, 0xff, 0xff, 0xff, 0xff, 0xfb,
    0x32, 0x0,

    /* U+006B "k" */
    0x0, 0xc, 0x0, 0x0, 0x0, 0x0, 0x0, 0x0,
    0x0, 0x0, 0x0, 0x2, 0xe9, 0x53, 0x0, 0x0,
    0x0, 0x0, 0x0, 0x0, 0x0, 0x0, 0x4, 0xff,
    0xfb, 0x43, 0x0, 0x0, 0x0, 0x0, 0x0, 0xe,
    0x1d, 0x4, 0xff, 0xff, 0x74, 0x0, 0x0, 0x0,
    0x0, 0x0, 0x9a, 0x74, 0x4, 0xff, 0xff, 0x74,
    0x0, 0x0, 0x0, 0x0, 0x22, 0xfd, 0x74, 0x4,
    0xff, 0xff, 0x74, 0x0, 0x0, 0x0, 0x0, 0x34,
    0xff, 0x74, 0x4, 0xff, 0xff, 0x74, 0x0, 0x0,
    0x0, 0x0, 0x34, 0xff, 0x65, 0x4, 0xff, 0xff,
    0x74, 0x0, 0x0, 0x0, 0x0, 0x34, 0xe0, 0x8,
    0x4, 0xff, 0xf4, 0x73, 0x78, 0x78, 0x28, 0x0,
    0x6, 0x12, 0x0, 0x2, 0x98, 0x72, 0xf6, 0xff,
    0xff, 0xbb, 0x0, 0x0, 0x0, 0x0, 0x4, 0xff,
    0xaf, 0xbe, 0xff, 0xff, 0x7e, 0x0, 0x0, 0x0,
    0x0, 0x4, 0xff, 0xff, 0x69, 0x0, 0x0, 0x0,
    0x0, 0x1e, 0x6b, 0x0, 0x4, 0xff, 0xff, 0x74,
    0x0, 0x0, 0x0, 0x0, 0x34, 0xfc, 0x29, 0x4,
    0xff, 0xff, 0x74, 0x0, 0x0, 0x0, 0x0, 0x34,
    0xff, 0x73, 0x4, 0xff, 0xff, 0x74, 0x0, 0x0,
    0x0, 0x0, 0x34, 0xff, 0x74, 0x4, 0xff, 0xff,
    0x74, 0x0, 0x0, 0x0, 0x0, 0x11, 0xef, 0x74,
    0x4, 0xff, 0xff, 0x74, 0x0, 0x0, 0x0, 0x0,
    0x0, 0x71, 0x74, 0x4, 0xff, 0xe7, 0x27, 0x0,
    0x0, 0x0, 0x0, 0x0, 0x0, 0x0, 0x1, 0xb6,
    0x28, 0x0, 0x0, 0x0, 0x0, 0x0, 0x0, 0x0,
    0x0,

    /* U+006C "l" */
    0x1, 0xa1, 0x1d, 0x0, 0x0, 0x0, 0x0, 0x0,
    0x0, 0x0, 0x0, 0x0, 0x0, 0x4, 0xff, 0xdd,
    0x1d, 0x0, 0x0, 0x0, 0x0, 0x0, 0x0, 0x0,
    0x0, 0x0, 0x4, 0xff, 0xff, 0x74, 0x0, 0x0,
    0x0, 0x0, 0x0, 0x0, 0x0, 0x0, 0x0, 0x4,
    0xff, 0xff, 0x74, 0x0, 0x0, 0x0, 0x0, 0x0,
    0x0, 0x0, 0x0, 0x0, 0x4, 0xff, 0xff, 0x74,
    0x0, 0x0, 0x0, 0x0, 0x0, 0x0, 0x0, 0x0,
    0x0, 0x4, 0xff, 0xff, 0x74, 0x0, 0x0, 0x0,
    0x0, 0x0, 0x0, 0x0, 0x0, 0x0, 0x4, 0xff,
    0xff, 0x74, 0x0, 0x0, 0x0, 0x0, 0x0, 0x0,
    0x0, 0x0, 0x0, 0x4, 0xff, 0xff, 0x67, 0x0,
    0x0, 0x0, 0x0, 0x0, 0x0, 0x0, 0x0, 0x0,
    0x4, 0xff, 0x9f, 0x2, 0x0, 0x0, 0x0, 0x0,
    0x0, 0x0, 0x0, 0x0, 0x0, 0x4, 0xff, 0x9b,
    0x1, 0x0, 0x0, 0x0, 0x0, 0x0, 0x0, 0x0,
    0x0, 0x0, 0x4, 0xff, 0xff, 0x63, 0x0, 0x0,
    0x0, 0x0, 0x0, 0x0, 0x0, 0x0, 0x0, 0x4,
    0xff, 0xff, 0x74, 0x0, 0x0, 0x0, 0x0, 0x0,
    0x0, 0x0, 0x0, 0x0, 0x4, 0xff, 0xff, 0x74,
    0x0, 0x0, 0x0, 0x0, 0x0, 0x0, 0x0, 0x0,
    0x0, 0x4, 0xff, 0xff, 0x74, 0x0, 0x0, 0x0,
    0x0, 0x0, 0x0, 0x0, 0x0, 0x0, 0x4, 0xff,
    0xff, 0x74, 0x0, 0x0, 0x0, 0x0, 0x0, 0x0,
    0x0, 0x0, 0x0, 0x4, 0xff, 0xff, 0x74, 0x0,
    0x0, 0x0, 0x0, 0x0, 0x0, 0x0, 0x0, 0x0,
    0x4, 0xff, 0xf2, 0x73, 0x7c, 0x7c, 0x7c, 0x7c,
    0x7c, 0x7c, 0x65, 0x0, 0x0, 0x1, 0xd3, 0x83,
    0xf8, 0xff, 0xff, 0xff, 0xff, 0xff, 0xff, 0xff,
    0x8e, 0x0, 0x0, 0x6, 0xd8, 0xff, 0xff, 0xff,
    0xff, 0xff, 0xff, 0xff, 0xff, 0xfb, 0x30,

    /* U+006D "m" */
    0x0, 0x37, 0x0, 0x0, 0x0, 0x0, 0x0, 0x0,
    0x0, 0x0, 0x0, 0x0, 0x34, 0x4, 0x3, 0xfe,
    0x8e, 0x0, 0x0, 0x0, 0x0, 0x0, 0x0, 0x0,
    0x0, 0x47, 0xf8, 0x55, 0x4, 0xff, 0xff, 0x72,
    0x50, 0x0, 0x0, 0x0, 0x0, 0x26, 0x52, 0xf8,
    0xff, 0x58, 0x4, 0xff, 0xff, 0x98, 0xf3, 0x19,
    0x0, 0x0, 0x0, 0xbb, 0x98, 0xff, 0xff, 0x58,
    0x4, 0xff, 0xff, 0x98, 0xff, 0x7c, 0x0, 0x0,
    0x2c, 0xff, 0x98, 0xff, 0xff, 0x58, 0x4, 0xff,
    0xff, 0x98, 0xff, 0x84, 0x0, 0x0, 0x34, 0xff,
    0x98, 0xff, 0xff, 0x58, 0x4, 0xff, 0xff, 0x86,
    0xf6, 0x84, 0x0, 0x0, 0x34, 0xff, 0x7d, 0xff,
    0xff, 0x58, 0x4, 0xff, 0xff, 0x74, 0x81, 0x84,
    0x0, 0x0, 0x34, 0xd1, 0x26, 0xff, 0xff, 0x58,
    0x4, 0xff, 0xeb, 0x29, 0x0, 0x0, 0x0, 0x0,
    0x0, 0x0, 0x7, 0xc1, 0xff, 0x58, 0x2, 0x80,
    0x2f, 0x0, 0x0, 0x0, 0x0, 0x0, 0x0, 0x0,
    0x0, 0xd, 0x7c, 0x2c, 0x4, 0xff, 0x9d, 0x1,
    0x0, 0x0, 0x12, 0x46, 0x0, 0x0, 0x0, 0x60,
    0xfe, 0x58, 0x4, 0xff, 0xff, 0x66, 0x0, 0x0,
    0x93, 0xdd, 0x7, 0x0, 0x1a, 0xfc, 0xff, 0x58,
    0x4, 0xff, 0xff, 0x74, 0x0, 0xd, 0xfb, 0xff,
    0x5c, 0x0, 0x24, 0xff, 0xff, 0x58, 0x4, 0xff,
    0xff, 0x74, 0x0, 0x14, 0xff, 0xff, 0x68, 0x0,
    0x24, 0xff, 0xff, 0x58, 0x4, 0xff, 0xff, 0x74,
    0x0, 0x14, 0xff, 0xff, 0x68, 0x0, 0x24, 0xff,
    0xff, 0x58, 0x4, 0xff, 0xff, 0x74, 0x0, 0x14,
    0xff, 0xff, 0x68, 0x0, 0x24, 0xff, 0xff, 0x58,
    0x4, 0xff, 0xff, 0x74, 0x0, 0x14, 0xff, 0xff,
    0x68, 0x0, 0x24, 0xff, 0xff, 0x58, 0x4, 0xff,
    0xe7, 0x27, 0x0, 0x0, 0x0, 0x0, 0x0, 0x0,
    0x6, 0xb8, 0xff, 0x58, 0x1, 0xb6, 0x28, 0x0,
    0x0, 0x0, 0x0, 0x0, 0x0, 0x0, 0x0, 0x8,
    0xac, 0x2e,

    /* U+006E "n" */
    0x0, 0x37, 0x0, 0x0, 0x0, 0x0, 0x0, 0x0,
    0x0, 0x0, 0x0, 0x0, 0x34, 0x4, 0x3, 0xfe,
    0x8e, 0x0, 0x0, 0x0, 0x0, 0x0, 0x0, 0x0,
    0x0, 0x47, 0xf8, 0x55, 0x4, 0xff, 0xff, 0x72,
    0x50, 0x0, 0x0, 0x0, 0x0, 0x0, 0x18, 0xf8,
    0xff, 0x58, 0x4, 0xff, 0xff, 0x98, 0xf3, 0x19,
    0x0, 0x0, 0x0, 0x0, 0x24, 0xff, 0xff, 0x58,
    0x4, 0xff, 0xff, 0x98, 0xff, 0x7c, 0x0, 0x0,
    0x0, 0x0, 0x24, 0xff, 0xff, 0x58, 0x4, 0xff,
    0xff, 0x98, 0xff, 0x84, 0x0, 0x0, 0x0, 0x0,
    0x24, 0xff, 0xff, 0x58, 0x4, 0xff, 0xff, 0x86,
    0xf6, 0x84, 0x0, 0x0, 0x0, 0x0, 0x24, 0xff,
    0xff, 0x58, 0x4, 0xff, 0xff, 0x74, 0x81, 0x84,
    0x0, 0x0, 0x0, 0x0, 0x24, 0xff, 0xff, 0x58,
    0x4, 0xff, 0xeb, 0x29, 0x0, 0x0, 0x0, 0x0,
    0x0, 0x0, 0x7, 0xc1, 0xff, 0x58, 0x2, 0x80,
    0x2f, 0x0, 0x0, 0x0, 0x0, 0x0, 0x0, 0x0,
    0x0, 0xd, 0x7c, 0x2c, 0x4, 0xff, 0x9b, 0x1,
    0x0, 0x0, 0x0, 0x0, 0x0, 0x0, 0x0, 0x5c,
    0xfe, 0x58, 0x4, 0xff, 0xff, 0x62, 0x0, 0x0,
    0x0, 0x0, 0x1a, 0x58, 0x19, 0xfa, 0xff, 0x58,
    0x4, 0xff, 0xff, 0x74, 0x0, 0x0, 0x0, 0x0,
    0x34, 0xf9, 0x46, 0xff, 0xff, 0x58, 0x4, 0xff,
    0xff, 0x74, 0x0, 0x0, 0x0, 0x0, 0x34, 0xff,
    0x97, 0xff, 0xff, 0x58, 0x4, 0xff, 0xff, 0x74,
    0x0, 0x0, 0x0, 0x0, 0x34, 0xff, 0x98, 0xff,
    0xff, 0x58, 0x4, 0xff, 0xff, 0x74, 0x0, 0x0,
    0x0, 0x0, 0x12, 0xf0, 0x98, 0xff, 0xff, 0x58,
    0x4, 0xff, 0xff, 0x74, 0x0, 0x0, 0x0, 0x0,
    0x0, 0x72, 0x98, 0xff, 0xff, 0x58, 0x4, 0xff,
    0xe7, 0x27, 0x0, 0x0, 0x0, 0x0, 0x0, 0x0,
    0x6, 0xb8, 0xff, 0x58, 0x1, 0xb6, 0x28, 0x0,
    0x0, 0x0, 0x0, 0x0, 0x0, 0x0, 0x0, 0x8,
    0xac, 0x2e,

    /* U+006F "o" */
    0x0, 0x6, 0xd8, 0xff, 0xff, 0xff, 0xff, 0xff,
    0xff, 0xff, 0xff, 0xfb, 0x32, 0x0, 0x1, 0xd3,
    0x84, 0xf8, 0xff, 0xff, 0xff, 0xff, 0xff, 0xff,
    0xff, 0xa0, 0xc9, 0x39, 0x4, 0xff, 0xf3, 0x74,
    0x7c, 0x7c, 0x7c, 0x7c, 0x7c, 0x7c, 0x6f, 0xcc,
    0xff, 0x58, 0x4, 0xff, 0xff, 0x74, 0x0, 0x0,
    0x0, 0x0, 0x0, 0x0, 0x24, 0xff, 0xff, 0x58,
    0x4, 0xff, 0xff, 0x74, 0x0, 0x0, 0x0, 0x0,
    0x0, 0x0, 0x24, 0xff, 0xff, 0x58, 0x4, 0xff,
    0xff, 0x74, 0x0, 0x0, 0x0, 0x0, 0x0, 0x0,
    0x24, 0xff, 0xff, 0x58, 0x4, 0xff, 0xff, 0x74,
    0x0, 0x0, 0x0, 0x0, 0x0, 0x0, 0x24, 0xff,
    0xff, 0x58, 0x4, 0xff, 0xff, 0x74, 0x0, 0x0,
    0x0, 0x0, 0x0, 0x0, 0x24, 0xff, 0xff, 0x58,
    0x4, 0xff, 0xff, 0x52, 0x0, 0x0, 0x0, 0x0,
    0x0, 0x0, 0x14, 0xef, 0xff, 0x58, 0x3, 0xcc,
    0x6b, 0x0, 0x0, 0x0, 0x0, 0x0, 0x0, 0x0,
    0x0, 0x33, 0xc8, 0x46, 0x3, 0xcc, 0x6b, 0x0,
    0x0, 0x0, 0x0, 0x0, 0x0, 0x0, 0x0, 0x3a,
    0xca, 0x46, 0x4, 0xff, 0xff, 0x52, 0x0, 0x0,
    0x0, 0x0, 0x0, 0x0, 0x14, 0xef, 0xff, 0x58,
    0x4, 0xff, 0xff, 0x74, 0x0, 0x0, 0x0, 0x0,
    0x0, 0x0, 0x24, 0xff, 0xff, 0x58, 0x4, 0xff,
    0xff, 0x74, 0x0, 0x0, 0x0, 0x0, 0x0, 0x0,
    0x24, 0xff, 0xff, 0x58, 0x4, 0xff, 0xff, 0x74,
    0x0, 0x0, 0x0, 0x0, 0x0, 0x0, 0x24, 0xff,
    0xff, 0x58, 0x4, 0xff, 0xff, 0x74, 0x0, 0x0,
    0x0, 0x0, 0x0, 0x0, 0x24, 0xff, 0xff, 0x58,
    0x4, 0xff, 0xff, 0x74, 0x0, 0x0, 0x0, 0x0,
    0x0, 0x0, 0x24, 0xff, 0xff, 0x58, 0x4, 0xff,
    0xf2, 0x73, 0x7c, 0x7c, 0x7c, 0x7c, 0x7c, 0x7c,
    0x70, 0xcf, 0xff, 0x58, 0x1, 0xd3, 0x83, 0xf8,
    0xff, 0xff, 0xff, 0xff, 0xff, 0xff, 0xff, 0xa0,
    0xca, 0x39, 0x0, 0x6, 0xd8, 0xff, 0xff, 0xff,
    0xff, 0xff, 0xff, 0xff, 0xff, 0xfb, 0x32, 0x0,

    /* U+0070 "p" */
    0x0, 0x6, 0xd8, 0xff, 0xff, 0xff, 0xff, 0xff,
    0xff, 0xff, 0xff, 0xfb, 0x32, 0x0, 0x1, 0xd3,
    0x83, 0xf8, 0xff, 0xff, 0xff, 0xff, 0xff, 0xff,
    0xff, 0xa0, 0xc8, 0x39, 0x4, 0xff, 0xf2, 0x72,
    0x7c, 0x7c, 0x7c, 0x7c, 0x7c, 0x7c, 0x6f, 0xca,
    0xff, 0x58, 0x4, 0xff, 0xff, 0x74, 0x0, 0x0,
    0x0, 0x0, 0x0, 0x0, 0x24, 0xff, 0xff, 0x58,
    0x4, 0xff, 0xff, 0x74, 0x0, 0x0, 0x0, 0x0,
    0x0, 0x0, 0x24, 0xff, 0xff, 0x58, 0x4, 0xff,
    0xff, 0x74, 0x0, 0x0, 0x0, 0x0, 0x0, 0x0,
    0x24, 0xff, 0xff, 0x58, 0x4, 0xff, 0xff, 0x74,
    0x0, 0x0, 0x0, 0x0, 0x0, 0x0, 0x24, 0xff,
    0xff, 0x58, 0x4, 0xff, 0xff, 0x74, 0x0, 0x0,
    0x0, 0x0, 0x0, 0x0, 0x24, 0xff, 0xff, 0x58,
    0x4, 0xff, 0xff, 0x68, 0x0, 0x0, 0x0, 0x0,
    0x0, 0x0, 0x1c, 0xfe, 0xff, 0x58, 0x4, 0xff,
    0xae, 0xbe, 0xff, 0xff, 0x7e, 0x2e, 0xfc, 0xff,
    0xe5, 0x86, 0xfd, 0x58, 0x2, 0x98, 0x73, 0xf7,
    0xff, 0xff, 0xbb, 0x68, 0xff, 0xff, 0xff, 0x7b,
    0x6, 0x2, 0x4, 0xff, 0xf3, 0x73, 0x78, 0x78,
    0x28, 0x4, 0x74, 0x78, 0x61, 0x0, 0x0, 0x0,
    0x4, 0xff, 0xff, 0x74, 0x0, 0x0, 0x0, 0x0,
    0x0, 0x0, 0x0, 0x0, 0x0, 0x0, 0x4, 0xff,
    0xff, 0x74, 0x0, 0x0, 0x0, 0x0, 0x0, 0x0,
    0x0, 0x0, 0x0, 0x0, 0x4, 0xff, 0xff, 0x74,
    0x0, 0x0, 0x0, 0x0, 0x0, 0x0, 0x0, 0x0,
    0x0, 0x0, 0x4, 0xff, 0xff, 0x74, 0x0, 0x0,
    0x0, 0x0, 0x0, 0x0, 0x0, 0x0, 0x0, 0x0,
    0x4, 0xff, 0xff, 0x74, 0x0, 0x0, 0x0, 0x0,
    0x0, 0x0, 0x0, 0x0, 0x0, 0x0, 0x4, 0xff,
    0xff, 0x50, 0x0, 0x0, 0x0, 0x0, 0x0, 0x0,
    0x0, 0x0, 0x0, 0x0, 0x2, 0xf6, 0x6c, 0x0,
    0x0, 0x0, 0x0, 0x0, 0x0, 0x0, 0x0, 0x0,
    0x0, 0x0, 0x0, 0x1b, 0x0, 0x0, 0x0, 0x0,
    0x0, 0x0, 0x0, 0x0, 0x0, 0x0, 0x0, 0x0,

    /* U+0071 "q" */
    0x0, 0x6, 0xd8, 0xff, 0xff, 0xff, 0xff, 0xff,
    0xff, 0xff, 0xff, 0xfb, 0x32, 0x0, 0x1, 0xd3,
    0x84, 0xf8, 0xff, 0xff, 0xff, 0xff, 0xff, 0xff,
    0xff, 0xa0, 0xc9, 0x39, 0x4, 0xff, 0xf3, 0x74,
    0x7c, 0x7c, 0x7c, 0x7c, 0x7c, 0x7c, 0x6f, 0xcc,
    0xff, 0x58, 0x4, 0xff, 0xff, 0x74, 0x0, 0x0,
    0x0, 0x0, 0x0, 0x0, 0x24, 0xff, 0xff, 0x58,
    0x4, 0xff, 0xff, 0x74, 0x0, 0x0, 0x0, 0x0,
    0x0, 0x0, 0x24, 0xff, 0xff, 0x58, 0x4, 0xff,
    0xff, 0x74, 0x0, 0x0, 0x0, 0x0, 0x0, 0x0,
    0x24, 0xff, 0xff, 0x58, 0x4, 0xff, 0xff, 0x74,
    0x0, 0x0, 0x0, 0x0, 0x0, 0x0, 0x24, 0xff,
    0xff, 0x58, 0x4, 0xff, 0xff, 0x74, 0x0, 0x0,
    0x0, 0x0, 0x0, 0x0, 0x24, 0xff, 0xff, 0x58,
    0x4, 0xff, 0xff, 0x52, 0x0, 0x0, 0x0, 0x0,
    0x0, 0x0, 0x14, 0xef, 0xff, 0x58, 0x3, 0xcc,
    0x6b, 0x0, 0x0, 0x0, 0x0, 0x0, 0x0, 0x0,
    0x0, 0x33, 0xc8, 0x46, 0x3, 0xcc, 0x6b, 0x0,
    0x0, 0x0, 0x0, 0x0, 0x0, 0x0, 0x0, 0x3a,
    0xca, 0x46, 0x4, 0xff, 0xff, 0x52, 0x0, 0x0,
    0x0, 0x0, 0x12, 0x3b, 0x14, 0xef, 0xff, 0x58,
    0x4, 0xff, 0xff, 0x74, 0x0, 0x0, 0x0, 0x0,
    0x34, 0xf1, 0x3a, 0xff, 0xff, 0x58, 0x4, 0xff,
    0xff, 0x74, 0x0, 0x0, 0x0, 0x0, 0x34, 0xff,
    0x93, 0xff, 0xff, 0x58, 0x4, 0xff, 0xff, 0x74,
    0x0, 0x0, 0x0, 0x0, 0x34, 0xff, 0x98, 0xff,
    0xff, 0x58, 0x4, 0xff, 0xff, 0x74, 0x0, 0x0,
    0x0, 0x0, 0x1a, 0xf8, 0x98, 0xff, 0xff, 0x58,
    0x4, 0xff, 0xff, 0x74, 0x0, 0x0, 0x0, 0x0,
    0x0, 0x85, 0x98, 0xff, 0xff, 0x58, 0x4, 0xff,
    0xf3, 0x74, 0x7c, 0x7c, 0x7c, 0x7c, 0x7c, 0x82,
    0x7e, 0xcf, 0xff, 0x58, 0x1, 0xd4, 0x84, 0xf8,
    0xff, 0xff, 0xff, 0xff, 0xff, 0xff, 0xff, 0xa0,
    0xca, 0x39, 0x0, 0x6, 0xd8, 0xff, 0xff, 0xff,
    0xff, 0xff, 0xff, 0xff, 0xff, 0xfb, 0x32, 0x0,

    /* U+0072 "r" */
    0x0, 0x6, 0xd8, 0xff, 0xff, 0xff, 0xff, 0xff,
    0xff, 0xff, 0xff, 0xfb, 0x32, 0x0, 0x1, 0xd3,
    0x83, 0xf8, 0xff, 0xff, 0xff, 0xff, 0xff, 0xff,
    0xff, 0xa0, 0xc8, 0x39, 0x4, 0xff, 0xf2, 0x72,
    0x7c, 0x7c, 0x7c, 0x7c, 0x7c, 0x7c, 0x6f, 0xca,
    0xff, 0x58, 0x4, 0xff, 0xff, 0x74, 0x0, 0x0,
    0x0, 0x0, 0x0, 0x0, 0x24, 0xff, 0xff, 0x58,
    0x4, 0xff, 0xff, 0x74, 0x0, 0x0, 0x0, 0x0,
    0x0, 0x0, 0x24, 0xff, 0xff, 0x58, 0x4, 0xff,
    0xff, 0x74, 0x0, 0x0, 0x0, 0x0, 0x0, 0x0,
    0x24, 0xff, 0xff, 0x58, 0x4, 0xff, 0xff, 0x74,
    0x0, 0x0, 0x0, 0x0, 0x0, 0x0, 0x24, 0xff,
    0xff, 0x58, 0x4, 0xff, 0xff, 0x74, 0x0, 0x0,
    0x0, 0x0, 0x0, 0x0, 0x24, 0xff, 0xff, 0x58,
    0x4, 0xff, 0xff, 0x68, 0x0, 0x0, 0x0, 0x0,
    0x0, 0x0, 0x1c, 0xfe, 0xff, 0x58, 0x4, 0xff,
    0xae, 0xbe, 0xff, 0xff, 0x7e, 0x2e, 0xfc, 0xff,
    0xe5, 0x86, 0xfd, 0x58, 0x2, 0x98, 0x73, 0xf7,
    0xff, 0xff, 0xbb, 0x68, 0xff, 0xff, 0xff, 0x7b,
    0x6, 0x2, 0x4, 0xff, 0xf4, 0x74, 0x78, 0x78,
    0x28, 0x4, 0x7c, 0x8f, 0x61, 0x0, 0x0, 0x0,
    0x4, 0xff, 0xff, 0x74, 0x0, 0x0, 0x0, 0x0,
    0x34, 0xe4, 0xc, 0x0, 0x0, 0x0, 0x4, 0xff,
    0xff, 0x74, 0x0, 0x0, 0x0, 0x0, 0x34, 0xff,
    0x6a, 0x0, 0x0, 0x0, 0x4, 0xff, 0xff, 0x74,
    0x0, 0x0, 0x0, 0x0, 0x34, 0xff, 0x74, 0x0,
    0x0, 0x0, 0x4, 0xff, 0xff, 0x74, 0x0, 0x0,
    0x0, 0x0, 0x17, 0xf4, 0x74, 0x0, 0x0, 0x0,
    0x4, 0xff, 0xff, 0x74, 0x0, 0x0, 0x0, 0x0,
    0x0, 0x74, 0x72, 0x0, 0x0, 0x0, 0x4, 0xff,
    0xe5, 0x25, 0x0, 0x0, 0x0, 0x0, 0x0, 0x0,
    0x0, 0x0, 0x0, 0x0, 0x1, 0xb2, 0x26, 0x0,
    0x0, 0x0, 0x0, 0x0, 0x0, 0x0, 0x0, 0x0,
    0x0, 0x0,

    /* U+0073 "s" */
    0x0, 0x6, 0xd8, 0xff, 0xff, 0xff, 0xff, 0xff,
    0xff, 0xff, 0xff, 0xfb, 0x30, 0x0, 0x1, 0xd3,
    0x84, 0xf8, 0xff, 0xff, 0xff, 0xff, 0xff, 0xff,
    0xff, 0x8f, 0x0, 0x0, 0x4, 0xff, 0xf3, 0x78,
    0x8a, 0x7c, 0x7c, 0x7c, 0x7c, 0x7c, 0x65, 0x0,
    0x0, 0x0, 0x4, 0xff, 0xff, 0x98, 0xcf, 0x2,
    0x0, 0x0, 0x0, 0x0, 0x0, 0x0, 0x0, 0x0,
    0x4, 0xff, 0xff, 0x98, 0xff, 0x5a, 0x0, 0x0,
    0x0, 0x0, 0x0, 0x0, 0x0, 0x0, 0x4, 0xff,
    0xff, 0x98, 0xff, 0x84, 0x0, 0x0, 0x0, 0x0,
    0x0, 0x0, 0x0, 0x0, 0x4, 0xff, 0xff, 0x97,
    0xff, 0x84, 0x0, 0x0, 0x0, 0x0, 0x0, 0x0,
    0x0, 0x0, 0x4, 0xff, 0xff, 0x76, 0xcf, 0x84,
    0x0, 0x0, 0x0, 0x0, 0x0, 0x0, 0x0, 0x0,
    0x4, 0xff, 0xff, 0x68, 0x38, 0x4c, 0x0, 0x0,
    0x0, 0x0, 0x0, 0x0, 0x0, 0x0, 0x4, 0xff,
    0xae, 0xbe, 0xff, 0xff, 0x7e, 0x2e, 0xfc, 0xff,
    0xe5, 0x25, 0x0, 0x0, 0x0, 0x8, 0x38, 0xf7,
    0xff, 0xff, 0xbb, 0x68, 0xff, 0xff, 0xff, 0x90,
    0x7e, 0x2c, 0x0, 0x0, 0x0, 0x3c, 0x78, 0x78,
    0x28, 0x4, 0x7b, 0x8d, 0x6d, 0xd3, 0xff, 0x58,
    0x0, 0x0, 0x0, 0x0, 0x0, 0x0, 0x0, 0x0,
    0x34, 0xe1, 0x2d, 0xff, 0xff, 0x58, 0x0, 0x0,
    0x0, 0x0, 0x0, 0x0, 0x0, 0x0, 0x34, 0xff,
    0x8b, 0xff, 0xff, 0x58, 0x0, 0x0, 0x0, 0x0,
    0x0, 0x0, 0x0, 0x0, 0x34, 0xff, 0x98, 0xff,
    0xff, 0x58, 0x0, 0x0, 0x0, 0x0, 0x0, 0x0,
    0x0, 0x0, 0x1d, 0xfb, 0x98, 0xff, 0xff, 0x58,
    0x0, 0x0, 0x0, 0x0, 0x0, 0x0, 0x0, 0x0,
    0x0, 0x8b, 0x98, 0xff, 0xff, 0x58, 0x0, 0x0,
    0x0, 0x3f, 0x7c, 0x7c, 0x7c, 0x7c, 0x7c, 0x83,
    0x80, 0xd0, 0xff, 0x58, 0x0, 0x0, 0x47, 0xf8,
    0xff, 0xff, 0xff, 0xff, 0xff, 0xff, 0xff, 0xa1,
    0xcb, 0x39, 0x0, 0x4, 0xd8, 0xff, 0xff, 0xff,
    0xff, 0xff, 0xff, 0xff, 0xff, 0xfb, 0x32, 0x0,

    /* U+0074 "t" */
    0x4, 0xd8, 0xff, 0xff, 0xff, 0xff, 0xff, 0xff,
    0xff, 0xff, 0xfb, 0x30, 0x0, 0x48, 0xf8, 0xff,
    0xff, 0xff, 0xff, 0xff, 0xff, 0xff, 0x8f, 0x0,
    0x0, 0x0, 0x3f, 0x7c, 0x7c, 0x7c, 0x7c, 0x7c,
    0x7c, 0x65, 0x0, 0x0, 0x0, 0x0, 0x0, 0x0,
    0x14, 0xff, 0xff, 0x68, 0x0, 0x0, 0x0, 0x0,
    0x0, 0x0, 0x0, 0x0, 0x14, 0xff, 0xff, 0x68,
    0x0, 0x0, 0x0, 0x0, 0x0, 0x0, 0x0, 0x0,
    0x14, 0xff, 0xff, 0x68, 0x0, 0x0, 0x0, 0x0,
    0x0, 0x0, 0x0, 0x0, 0x14, 0xff, 0xff, 0x68,
    0x0, 0x0, 0x0, 0x0, 0x0, 0x0, 0x0, 0x0,
    0xc, 0xf9, 0xff, 0x59, 0x0, 0x0, 0x0, 0x0,
    0x0, 0x0, 0x0, 0x0, 0x0, 0x8a, 0xd7, 0x4,
    0x0, 0x0, 0x0, 0x0, 0x0, 0x0, 0x0, 0x0,
    0x0, 0xd, 0x3b, 0x0, 0x0, 0x0, 0x0, 0x0,
    0x0, 0x0, 0x0, 0x0, 0x0, 0x2, 0x1b, 0x0,
    0x0, 0x0, 0x0, 0x0, 0x0, 0x0, 0x0, 0x0,
    0x0, 0x65, 0xb6, 0x0, 0x0, 0x0, 0x0, 0x0,
    0x0, 0x0, 0x0, 0x0, 0x7, 0xe9, 0xff, 0x44,
    0x0, 0x0, 0x0, 0x0, 0x0, 0x0, 0x0, 0x0,
    0x14, 0xff, 0xff, 0x68, 0x0, 0x0, 0x0, 0x0,
    0x0, 0x0, 0x0, 0x0, 0x14, 0xff, 0xff, 0x68,
    0x0, 0x0, 0x0, 0x0, 0x0, 0x0, 0x0, 0x0,
    0x14, 0xff, 0xff, 0x68, 0x0, 0x0, 0x0, 0x0,
    0x0, 0x0, 0x0, 0x0, 0x14, 0xff, 0xff, 0x68,
    0x0, 0x0, 0x0, 0x0, 0x0, 0x0, 0x0, 0x0,
    0x5, 0x40, 0x40, 0x1a, 0x0, 0x0, 0x0, 0x0,

    /* U+0075 "u" */
    0x1, 0xa1, 0x1d, 0x0, 0x0, 0x0, 0x0, 0x0,
    0x0, 0x0, 0x0, 0x3, 0x97, 0x27, 0x4, 0xff,
    0xdd, 0x1d, 0x0, 0x0, 0x0, 0x0, 0x0, 0x0,
    0x3, 0xa8, 0xff, 0x58, 0x4, 0xff, 0xff, 0x74,
    0x0, 0x0, 0x0, 0x0, 0x0, 0x0, 0x24, 0xff,
    0xff, 0x58, 0x4, 0xff, 0xff, 0x74, 0x0, 0x0,
    0x0, 0x0, 0x0, 0x0, 0x24, 0xff, 0xff, 0x58,
    0x4, 0xff, 0xff, 0x74, 0x0, 0x0, 0x0, 0x0,
    0x0, 0x0, 0x24, 0xff, 0xff, 0x58, 0x4, 0xff,
    0xff, 0x74, 0x0, 0x0, 0x0, 0x0, 0x0, 0x0,
    0x24, 0xff, 0xff, 0x58, 0x4, 0xff, 0xff, 0x74,
    0x0, 0x0, 0x0, 0x0, 0x0, 0x0, 0x24, 0xff,
    0xff, 0x58, 0x4, 0xff, 0xff, 0x67, 0x0, 0x0,
    0x0, 0x0, 0x0, 0x0, 0x1b, 0xfc, 0xff, 0x58,
    0x4, 0xff, 0x9f, 0x2, 0x0, 0x0, 0x0, 0x0,
    0x0, 0x0, 0x0, 0x59, 0xfc, 0x58, 0x4, 0xff,
    0x9b, 0x1, 0x0, 0x0, 0x0, 0x0, 0x0, 0x0,
    0x0, 0x5d, 0xfe, 0x58, 0x4, 0xff, 0xff, 0x63,
    0x0, 0x0, 0x0, 0x0, 0x0, 0x0, 0x19, 0xfb,
    0xff, 0x58, 0x4, 0xff, 0xff, 0x74, 0x0, 0x0,
    0x0, 0x0, 0x0, 0x0, 0x24, 0xff, 0xff, 0x58,
    0x4, 0xff, 0xff, 0x74, 0x0, 0x0, 0x0, 0x0,
    0x0, 0x0, 0x24, 0xff, 0xff, 0x58, 0x4, 0xff,
    0xff, 0x74, 0x0, 0x0, 0x0, 0x0, 0x0, 0x0,
    0x24, 0xff, 0xff, 0x58, 0x4, 0xff, 0xff, 0x74,
    0x0, 0x0, 0x0, 0x0, 0x0, 0x0, 0x24, 0xff,
    0xff, 0x58, 0x4, 0xff, 0xff, 0x74, 0x0, 0x0,
    0x0, 0x0, 0x0, 0x0, 0x24, 0xff, 0xff, 0x58,
    0x4, 0xff, 0xf2, 0x73, 0x7c, 0x7c, 0x7c, 0x7c,
    0x7c, 0x7c, 0x70, 0xcf, 0xff, 0x58, 0x1, 0xd3,
    0x83, 0xf8, 0xff, 0xff, 0xff, 0xff, 0xff, 0xff,
    0xff, 0xa0, 0xca, 0x39, 0x0, 0x6, 0xd8, 0xff,
    0xff, 0xff, 0xff, 0xff, 0xff, 0xff, 0xff, 0xfb,
    0x32, 0x0,

    /* U+0076 "v" */
    0x0, 0x37, 0x0, 0x0, 0x0, 0x0, 0x0, 0x0,
    0x0, 0x0, 0x0, 0x3, 0xfe, 0x8e, 0x0, 0x0,
    0x0, 0x0, 0x0, 0x0, 0x0, 0x0, 0x4, 0xff,
    0xff, 0x60, 0x0, 0x0, 0x0, 0x0, 0x0, 0x26,
    0x3a, 0x4, 0xff, 0xff, 0x74, 0x0, 0x0, 0x0,
    0x0, 0x0, 0xbb, 0x74, 0x4, 0xff, 0xff, 0x74,
    0x0, 0x0, 0x0, 0x0, 0x2c, 0xff, 0x74, 0x4,
    0xff, 0xff, 0x74, 0x0, 0x0, 0x0, 0x0, 0x34,
    0xff, 0x74, 0x4, 0xff, 0xff, 0x74, 0x0, 0x0,
    0x0, 0x0, 0x34, 0xff, 0x59, 0x4, 0xff, 0xff,
    0x74, 0x0, 0x0, 0x0, 0x0, 0x34, 0xd1, 0x2,
    0x4, 0xff, 0xeb, 0x29, 0x0, 0x0, 0x0, 0x0,
    0x0, 0x0, 0x0, 0x2, 0x80, 0x2f, 0x0, 0x0,
    0x0, 0x0, 0x0, 0x0, 0x0, 0x0, 0x4, 0xff,
    0x9b, 0x1, 0x0, 0x0, 0x0, 0x0, 0x0, 0x0,
    0x0, 0x4, 0xff, 0xff, 0x62, 0x2e, 0x42, 0x0,
    0x0, 0x0, 0x0, 0x0, 0x4, 0xff, 0xff, 0x75,
    0xc9, 0x84, 0x0, 0x0, 0x0, 0x0, 0x0, 0x4,
    0xff, 0xff, 0x97, 0xff, 0x84, 0x0, 0x0, 0x0,
    0x0, 0x0, 0x4, 0xff, 0xff, 0x98, 0xff, 0x84,
    0x0, 0x0, 0x0, 0x0, 0x0, 0x4, 0xff, 0xff,
    0x98, 0xff, 0x53, 0x0, 0x0, 0x0, 0x0, 0x0,
    0x4, 0xff, 0xff, 0x98, 0xc4, 0x0, 0x0, 0x0,
    0x0, 0x0, 0x0, 0x4, 0xff, 0xe7, 0x27, 0x0,
    0x0, 0x0, 0x0, 0x0, 0x0, 0x0, 0x1, 0xb6,
    0x28, 0x0, 0x0, 0x0, 0x0, 0x0, 0x0, 0x0,
    0x0,

    /* U+0077 "w" */
    0x0, 0x37, 0x0, 0x0, 0x0, 0x0, 0x0, 0x0,
    0x0, 0x0, 0x0, 0x0, 0x34, 0x4, 0x3, 0xfe,
    0x8e, 0x0, 0x0, 0x0, 0x0, 0x0, 0x0, 0x0,
    0x0, 0x47, 0xf8, 0x55, 0x4, 0xff, 0xff, 0x60,
    0x0, 0xa, 0x80, 0x80, 0x34, 0x0, 0x18, 0xf8,
    0xff, 0x58, 0x4, 0xff, 0xff, 0x74, 0x0, 0x14,
    0xff, 0xff, 0x68, 0x0, 0x24, 0xff, 0xff, 0x58,
    0x4, 0xff, 0xff, 0x74, 0x0, 0x14, 0xff, 0xff,
    0x68, 0x0, 0x24, 0xff, 0xff, 0x58, 0x4, 0xff,
    0xff, 0x74, 0x0, 0x14, 0xff, 0xff, 0x68, 0x0,
    0x24, 0xff, 0xff, 0x58, 0x4, 0xff, 0xff, 0x74,
    0x0, 0x14, 0xff, 0xff, 0x68, 0x0, 0x24, 0xff,
    0xff, 0x58, 0x4, 0xff, 0xff, 0x74, 0x0, 0x3,
    0xd7, 0xfd, 0x30, 0x0, 0x24, 0xff, 0xff, 0x58,
    0x4, 0xff, 0xee, 0x2e, 0x0, 0x0, 0x4a, 0x9a,
    0x0, 0x0, 0x9, 0xc6, 0xff, 0x58, 0x2, 0x80,
    0x2f, 0x0, 0x0, 0x0, 0x0, 0xb, 0x0, 0x0,
    0x0, 0xe, 0x7c, 0x2c, 0x4, 0xff, 0x9b, 0x1,
    0x0, 0x0, 0x0, 0x0, 0x0, 0x0, 0x0, 0x5c,
    0xfe, 0x58, 0x4, 0xff, 0xff, 0x62, 0x2e, 0x42,
    0x0, 0x0, 0x1a, 0x58, 0x19, 0xfa, 0xff, 0x58,
    0x4, 0xff, 0xff, 0x75, 0xc9, 0x84, 0x0, 0x0,
    0x34, 0xf9, 0x46, 0xff, 0xff, 0x58, 0x4, 0xff,
    0xff, 0x97, 0xff, 0x84, 0x0, 0x0, 0x34, 0xff,
    0x97, 0xff, 0xff, 0x58, 0x4, 0xff, 0xff, 0x98,
    0xff, 0x84, 0x0, 0x0, 0x34, 0xff, 0x98, 0xff,
    0xff, 0x58, 0x4, 0xff, 0xff, 0x98, 0xff, 0x53,
    0x0, 0x0, 0x12, 0xf0, 0x98, 0xff, 0xff, 0x58,
    0x4, 0xff, 0xff, 0x98, 0xc4, 0x0, 0x0, 0x0,
    0x0, 0x72, 0x98, 0xff, 0xff, 0x58, 0x4, 0xff,
    0xe7, 0x27, 0x0, 0x0, 0x0, 0x0, 0x0, 0x0,
    0x6, 0xb8, 0xff, 0x58, 0x1, 0xb6, 0x28, 0x0,
    0x0, 0x0, 0x0, 0x0, 0x0, 0x0, 0x0, 0x8,
    0xac, 0x2e,

    /* U+0078 "x" */
    0x9, 0x23, 0x0, 0x0, 0x0, 0x0, 0xe, 0x1d,
    0x24, 0xe0, 0x8, 0x0, 0x0, 0x0, 0x98, 0x74,
    0x24, 0xff, 0x6d, 0x0, 0x0, 0x20, 0xfd, 0x74,
    0x24, 0xff, 0x84, 0x0, 0x0, 0x34, 0xff, 0x74,
    0x1b, 0xff, 0x84, 0x0, 0x0, 0x34, 0xff, 0x6a,
    0x0, 0xa5, 0x84, 0x0, 0x0, 0x34, 0xe9, 0xd,
    0x0, 0x11, 0x1e, 0x0, 0x0, 0xc, 0x24, 0x0,
    0x0, 0x0, 0x0, 0x0, 0x0, 0x0, 0x0, 0x0,
    0x0, 0x0, 0x0, 0x0, 0x0, 0x0, 0x0, 0x0,
    0x0, 0x2c, 0x3f, 0x0, 0x0, 0x19, 0x54, 0x0,
    0x1, 0xc8, 0x84, 0x0, 0x0, 0x34, 0xf8, 0x22,
    0x23, 0xff, 0x84, 0x0, 0x0, 0x34, 0xff, 0x73,
    0x24, 0xff, 0x84, 0x0, 0x0, 0x34, 0xff, 0x74,
    0x24, 0xff, 0x54, 0x0, 0x0, 0x13, 0xf1, 0x74,
    0x24, 0xc4, 0x0, 0x0, 0x0, 0x0, 0x73, 0x74,

    /* U+0079 "y" */
    0x12, 0x50, 0x0, 0x0, 0x0, 0x0, 0x26, 0x3a,
    0x24, 0xf3, 0x19, 0x0, 0x0, 0x0, 0xbb, 0x74,
    0x24, 0xff, 0x7c, 0x0, 0x0, 0x2c, 0xff, 0x74,
    0x24, 0xff, 0x84, 0x0, 0x0, 0x34, 0xff, 0x74,
    0x12, 0xf6, 0x84, 0x0, 0x0, 0x34, 0xff, 0x59,
    0x0, 0x81, 0x84, 0x0, 0x0, 0x34, 0xd1, 0x2,
    0x0, 0x0, 0x0, 0x0, 0x0, 0x0, 0x0, 0x0,
    0x0, 0x0, 0x0, 0x0, 0x0, 0x0, 0x0, 0x0,
    0x0, 0x0, 0x0, 0x1a, 0x57, 0x0, 0x0, 0x0,
    0x0, 0x0, 0x0, 0xa0, 0xe6, 0xb, 0x0, 0x0,
    0x0, 0x0, 0xf, 0xfd, 0xff, 0x60, 0x0, 0x0,
    0x0, 0x0, 0x14, 0xff, 0xff, 0x68, 0x0, 0x0,
    0x0, 0x0, 0x14, 0xff, 0xff, 0x68, 0x0, 0x0,
    0x0, 0x0, 0x14, 0xff, 0xff, 0x68, 0x0, 0x0,
    0x0, 0x0, 0x14, 0xff, 0xff, 0x68, 0x0, 0x0,

    /* U+007A "z" */
    0x4, 0xd8, 0xff, 0xff, 0xff, 0xff, 0xff, 0xff,
    0xff, 0xff, 0xfb, 0x30, 0x0, 0x48, 0xf8, 0xff,
    0xff, 0xff, 0xff, 0xff, 0xff, 0xff, 0x8f, 0x0,
    0x0, 0x0, 0x3f, 0x7c, 0x7c, 0x7c, 0x7c, 0x7c,
    0x82, 0x73, 0x0, 0x0, 0x0, 0x0, 0x0, 0x0,
    0x0, 0x0, 0x0, 0x0, 0x85, 0x74, 0x0, 0x0,
    0x0, 0x0, 0x0, 0x0, 0x0, 0x0, 0x0, 0x1a,
    0xf8, 0x74, 0x0, 0x0, 0x0, 0x0, 0x0, 0x0,
    0x0, 0x0, 0x0, 0x34, 0xff, 0x74, 0x0, 0x0,
    0x0, 0x0, 0x0, 0x0, 0x0, 0x0, 0x0, 0x34,
    0xff, 0x6f, 0x0, 0x0, 0x0, 0x0, 0x0, 0x0,
    0x0, 0x0, 0x0, 0x34, 0xf2, 0x16, 0x0, 0x0,
    0x0, 0x0, 0x0, 0x0, 0x0, 0x0, 0x0, 0x12,
    0x3b, 0x0, 0x0, 0x0, 0x0, 0x0, 0x0, 0x0,
    0x0, 0x0, 0x0, 0x0, 0x0, 0x0, 0x0, 0x0,
    0x0, 0x0, 0x0, 0x0, 0x0, 0x0, 0x0, 0x0,
    0x0, 0x0, 0x0, 0x0, 0x0, 0x0, 0x0, 0x1d,
    0x2f, 0x0, 0x0, 0x0, 0x0, 0x0, 0x0, 0x0,
    0x0, 0x0, 0x0, 0xb7, 0x84, 0x0, 0x0, 0x0,
    0x0, 0x0, 0x0, 0x0, 0x0, 0x0, 0x20, 0xff,
    0x84, 0x0, 0x0, 0x0, 0x0, 0x0, 0x0, 0x0,
    0x0, 0x0, 0x24, 0xff, 0x84, 0x0, 0x0, 0x0,
    0x0, 0x0, 0x0, 0x0, 0x0, 0x0, 0x24, 0xff,
    0x62, 0x0, 0x0, 0x0, 0x0, 0x0, 0x0, 0x0,
    0x0, 0x0, 0x24, 0xd4, 0x3, 0x0, 0x0, 0x0,
    0x0, 0x0, 0x0, 0x0, 0x0, 0x0, 0x43, 0x8c,
    0x7c, 0x7c, 0x7c, 0x7c, 0x7c, 0x65, 0x0, 0x0,
    0x0, 0x47, 0xf8, 0xff, 0xff, 0xff, 0xff, 0xff,
    0xff, 0xff, 0x8e, 0x0, 0x4, 0xd8, 0xff, 0xff,
    0xff, 0xff, 0xff, 0xff, 0xff, 0xff, 0xfb, 0x30,

    /* U+007C "|" */
    0x5, 0x40, 0x40, 0x1a, 0x14, 0xff, 0xff, 0x68,
    0x14, 0xff, 0xff, 0x68, 0x14, 0xff, 0xff, 0x68,
    0x14, 0xff, 0xff, 0x68, 0x7, 0xe9, 0xff, 0x44,
    0x0, 0x65, 0xb6, 0x0, 0x0, 0x2, 0x1b, 0x0,
    0x0, 0xd, 0x3b, 0x0, 0x0, 0x8a, 0xd6, 0x4,
    0xc, 0xf9, 0xff, 0x59, 0x14, 0xff, 0xff, 0x68,
    0x14, 0xff, 0xff, 0x68, 0x14, 0xff, 0xff, 0x68,
    0x14, 0xff, 0xff, 0x68,

    /* U+007E "~" */
    0x0, 0x6, 0xd8, 0xff, 0xff, 0xff, 0xff, 0xff,
    0xff, 0xff, 0xff, 0xfb, 0x32, 0x0, 0x1, 0xd3,
    0x84, 0xf8, 0xff, 0xff, 0xff, 0xff, 0xff, 0xff,
    0xff, 0xa0, 0xc9, 0x39, 0x4, 0xff, 0xf3, 0x78,
    0x8a, 0x7e, 0x98, 0x98, 0x87, 0x81, 0x7c, 0xcc,
    0xff, 0x58, 0x4, 0xff, 0xff, 0x98, 0xcf, 0x16,
    0xff, 0xff, 0x68, 0x7f, 0x98, 0xff, 0xff, 0x58,
    0x4, 0xff, 0xff, 0x98, 0xff, 0x6e, 0xff, 0xff,
    0x7d, 0xf4, 0x98, 0xff, 0xff, 0x58, 0x4, 0xff,
    0xff, 0x98, 0xff, 0x98, 0xff, 0xff, 0x9c, 0xff,
    0x98, 0xff, 0xff, 0x58, 0x4, 0xff, 0xff, 0x97,
    0xff, 0x98, 0xff, 0xff, 0x9c, 0xff, 0x97, 0xff,
    0xff, 0x58, 0x4, 0xff, 0xff, 0x76, 0xcf, 0x91,
    0xfc, 0xff, 0x91, 0xfb, 0x4b, 0xff, 0xff, 0x58,
    0x4, 0xff, 0xff, 0x68, 0x38, 0x4c, 0x96, 0xdf,
    0x26, 0x68, 0x1c, 0xfd, 0xff, 0x58, 0x4, 0xff,
    0xae, 0xbe, 0xff, 0xff, 0x93, 0x79, 0xfc, 0xff,
    0xe5, 0x85, 0xfd, 0x58, 0x2, 0x98, 0x73, 0xf7,
    0xff, 0xff, 0xbc, 0x79, 0xff, 0xff, 0xff, 0x95,
    0x95, 0x34, 0x4, 0xff, 0xf4, 0x74, 0x81, 0x8a,
    0x80, 0xad, 0x7b, 0x8d, 0x6d, 0xd6, 0xff, 0x58,
    0x4, 0xff, 0xff, 0x74, 0x9a, 0x8a, 0xe3, 0xff,
    0x71, 0xe1, 0x2d, 0xff, 0xff, 0x58, 0x4, 0xff,
    0xff, 0x8d, 0xfd, 0x98, 0xff, 0xff, 0x9c, 0xff,
    0x8b, 0xff, 0xff, 0x58, 0x4, 0xff, 0xff, 0x98,
    0xff, 0x98, 0xff, 0xff, 0x9c, 0xff, 0x98, 0xff,
    0xff, 0x58, 0x4, 0xff, 0xff, 0x98, 0xff, 0x7c,
    0xff, 0xff, 0x85, 0xfb, 0x98, 0xff, 0xff, 0x58,
    0x4, 0xff, 0xff, 0x98, 0xd7, 0x19, 0xff, 0xff,
    0x68, 0x8b, 0x98, 0xff, 0xff, 0x58, 0x4, 0xff,
    0xf4, 0x7b, 0x8e, 0x7e, 0xa0, 0xa0, 0x8a, 0x83,
    0x80, 0xd0, 0xff, 0x58, 0x1, 0xd4, 0x85, 0xf8,
    0xff, 0xff, 0xff, 0xff, 0xff, 0xff, 0xff, 0xa1,
    0xcb, 0x39, 0x0, 0x6, 0xd8, 0xff, 0xff, 0xff,
    0xff, 0xff, 0xff, 0xff, 0xff, 0xfb, 0x32, 0x0
};

/*---------------------
 *  GLYPH DESCRIPTION
 *--------------------*/

static const lv_font_fmt_txt_glyph_dsc_t glyph_dsc[] = {
    {.bitmap_index = 0, .adv_w = 0, .box_w = 0, .box_h = 0, .ofs_x = 0, .ofs_y = 0} /* id = 0 reserved */,
    {.bitmap_index = 0, .adv_w = 64, .box_w = 0, .box_h = 0, .ofs_x = 0, .ofs_y = 0},
    {.bitmap_index = 0, .adv_w = 261, .box_w = 0, .box_h = 0, .ofs_x = 0, .ofs_y = 0},
    {.bitmap_index = 0, .adv_w = 261, .box_w = 9, .box_h = 9, .ofs_x = 1, .ofs_y = 10},
    {.bitmap_index = 81, .adv_w = 261, .box_w = 14, .box_h = 20, .ofs_x = 1, .ofs_y = 0},
    {.bitmap_index = 361, .adv_w = 261, .box_w = 14, .box_h = 19, .ofs_x = 1, .ofs_y = 1},
    {.bitmap_index = 627, .adv_w = 261, .box_w = 13, .box_h = 20, .ofs_x = 2, .ofs_y = 0},
    {.bitmap_index = 887, .adv_w = 261, .box_w = 4, .box_h = 7, .ofs_x = 6, .ofs_y = 10},
    {.bitmap_index = 915, .adv_w = 261, .box_w = 3, .box_h = 15, .ofs_x = 9, .ofs_y = 3},
    {.bitmap_index = 960, .adv_w = 261, .box_w = 3, .box_h = 15, .ofs_x = 4, .ofs_y = 3},
    {.bitmap_index = 1005, .adv_w = 261, .box_w = 10, .box_h = 15, .ofs_x = 3, .ofs_y = 3},
    {.bitmap_index = 1155, .adv_w = 261, .box_w = 10, .box_h = 15, .ofs_x = 3, .ofs_y = 3},
    {.bitmap_index = 1305, .adv_w = 261, .box_w = 3, .box_h = 6, .ofs_x = 4, .ofs_y = 3},
    {.bitmap_index = 1323, .adv_w = 261, .box_w = 10, .box_h = 3, .ofs_x = 3, .ofs_y = 9},
    {.bitmap_index = 1353, .adv_w = 0, .box_w = 4, .box_h = 3, .ofs_x = -2, .ofs_y = 0},
    {.bitmap_index = 1365, .adv_w = 261, .box_w = 8, .box_h = 15, .ofs_x = 4, .ofs_y = 3},
    {.bitmap_index = 1485, .adv_w = 261, .box_w = 14, .box_h = 20, .ofs_x = 1, .ofs_y = 0},
    {.bitmap_index = 1765, .adv_w = 261, .box_w = 4, .box_h = 19, .ofs_x = 11, .ofs_y = 1},
    {.bitmap_index = 1841, .adv_w = 261, .box_w = 14, .box_h = 20, .ofs_x = 1, .ofs_y = 0},
    {.bitmap_index = 2121, .adv_w = 261, .box_w = 13, .box_h = 20, .ofs_x = 2, .ofs_y = 0},
    {.bitmap_index = 2381, .adv_w = 261, .box_w = 14, .box_h = 19, .ofs_x = 1, .ofs_y = 1},
    {.bitmap_index = 2647, .adv_w = 261, .box_w = 14, .box_h = 20, .ofs_x = 1, .ofs_y = 0},
    {.bitmap_index = 2927, .adv_w = 261, .box_w = 14, .box_h = 20, .ofs_x = 1, .ofs_y = 0},
    {.bitmap_index = 3207, .adv_w = 261, .box_w = 14, .box_h = 20, .ofs_x = 1, .ofs_y = 0},
    {.bitmap_index = 3487, .adv_w = 261, .box_w = 14, .box_h = 20, .ofs_x = 1, .ofs_y = 0},
    {.bitmap_index = 3767, .adv_w = 261, .box_w = 14, .box_h = 20, .ofs_x = 1, .ofs_y = 0},
    {.bitmap_index = 4047, .adv_w = 64, .box_w = 4, .box_h = 11, .ofs_x = 0, .ofs_y = 4},
    {.bitmap_index = 4091, .adv_w = 261, .box_w = 12, .box_h = 17, .ofs_x = 2, .ofs_y = 0},
    {.bitmap_index = 4295, .adv_w = 261, .box_w = 12, .box_h = 11, .ofs_x = 2, .ofs_y = 0},
    {.bitmap_index = 4427, .adv_w = 261, .box_w = 12, .box_h = 17, .ofs_x = 2, .ofs_y = 0},
    {.bitmap_index = 4631, .adv_w = 261, .box_w = 14, .box_h = 17, .ofs_x = 1, .ofs_y = 3},
    {.bitmap_index = 4869, .adv_w = 261, .box_w = 14, .box_h = 20, .ofs_x = 1, .ofs_y = 0},
    {.bitmap_index = 5149, .adv_w = 261, .box_w = 14, .box_h = 20, .ofs_x = 1, .ofs_y = 0},
    {.bitmap_index = 5429, .adv_w = 261, .box_w = 13, .box_h = 20, .ofs_x = 2, .ofs_y = 0},
    {.bitmap_index = 5689, .adv_w = 261, .box_w = 13, .box_h = 20, .ofs_x = 1, .ofs_y = 0},
    {.bitmap_index = 5949, .adv_w = 261, .box_w = 13, .box_h = 20, .ofs_x = 2, .ofs_y = 0},
    {.bitmap_index = 6209, .adv_w = 261, .box_w = 13, .box_h = 20, .ofs_x = 1, .ofs_y = 0},
    {.bitmap_index = 6469, .adv_w = 261, .box_w = 13, .box_h = 20, .ofs_x = 1, .ofs_y = 0},
    {.bitmap_index = 6729, .adv_w = 261, .box_w = 14, .box_h = 20, .ofs_x = 1, .ofs_y = 0},
    {.bitmap_index = 7009, .adv_w = 261, .box_w = 14, .box_h = 19, .ofs_x = 1, .ofs_y = 1},
    {.bitmap_index = 7275, .adv_w = 261, .box_w = 12, .box_h = 20, .ofs_x = 2, .ofs_y = 0},
    {.bitmap_index = 7515, .adv_w = 261, .box_w = 14, .box_h = 19, .ofs_x = 1, .ofs_y = 0},
    {.bitmap_index = 7781, .adv_w = 261, .box_w = 11, .box_h = 19, .ofs_x = 1, .ofs_y = 1},
    {.bitmap_index = 7990, .adv_w = 261, .box_w = 13, .box_h = 19, .ofs_x = 1, .ofs_y = 0},
    {.bitmap_index = 8237, .adv_w = 261, .box_w = 14, .box_h = 19, .ofs_x = 1, .ofs_y = 1},
    {.bitmap_index = 8503, .adv_w = 261, .box_w = 14, .box_h = 19, .ofs_x = 1, .ofs_y = 1},
    {.bitmap_index = 8769, .adv_w = 261, .box_w = 14, .box_h = 20, .ofs_x = 1, .ofs_y = 0},
    {.bitmap_index = 9049, .adv_w = 261, .box_w = 14, .box_h = 20, .ofs_x = 1, .ofs_y = 0},
    {.bitmap_index = 9329, .adv_w = 261, .box_w = 14, .box_h = 20, .ofs_x = 1, .ofs_y = 0},
    {.bitmap_index = 9609, .adv_w = 261, .box_w = 14, .box_h = 19, .ofs_x = 1, .ofs_y = 1},
    {.bitmap_index = 9875, .adv_w = 261, .box_w = 14, .box_h = 20, .ofs_x = 1, .ofs_y = 0},
    {.bitmap_index = 10155, .adv_w = 261, .box_w = 12, .box_h = 18, .ofs_x = 2, .ofs_y = 2},
    {.bitmap_index = 10371, .adv_w = 261, .box_w = 14, .box_h = 19, .ofs_x = 1, .ofs_y = 0},
    {.bitmap_index = 10637, .adv_w = 261, .box_w = 11, .box_h = 19, .ofs_x = 1, .ofs_y = 1},
    {.bitmap_index = 10846, .adv_w = 261, .box_w = 14, .box_h = 19, .ofs_x = 1, .ofs_y = 1},
    {.bitmap_index = 11112, .adv_w = 261, .box_w = 8, .box_h = 15, .ofs_x = 4, .ofs_y = 3},
    {.bitmap_index = 11232, .adv_w = 261, .box_w = 8, .box_h = 15, .ofs_x = 4, .ofs_y = 3},
    {.bitmap_index = 11352, .adv_w = 261, .box_w = 12, .box_h = 20, .ofs_x = 2, .ofs_y = 0},
    {.bitmap_index = 11592, .adv_w = 261, .box_w = 8, .box_h = 15, .ofs_x = 4, .ofs_y = 3},
    {.bitmap_index = 11712, .adv_w = 261, .box_w = 6, .box_h = 9, .ofs_x = 1, .ofs_y = 10},
    {.bitmap_index = 11766, .adv_w = 261, .box_w = 12, .box_h = 3, .ofs_x = 2, .ofs_y = 0},
    {.bitmap_index = 11802, .adv_w = 261, .box_w = 3, .box_h = 6, .ofs_x = 4, .ofs_y = 12},
    {.bitmap_index = 11820, .adv_w = 261, .box_w = 14, .box_h = 20, .ofs_x = 1, .ofs_y = 0},
    {.bitmap_index = 12100, .adv_w = 261, .box_w = 13, .box_h = 20, .ofs_x = 2, .ofs_y = 0},
    {.bitmap_index = 12360, .adv_w = 261, .box_w = 13, .box_h = 20, .ofs_x = 1, .ofs_y = 0},
    {.bitmap_index = 12620, .adv_w = 261, .box_w = 13, .box_h = 20, .ofs_x = 2, .ofs_y = 0},
    {.bitmap_index = 12880, .adv_w = 261, .box_w = 13, .box_h = 20, .ofs_x = 1, .ofs_y = 0},
    {.bitmap_index = 13140, .adv_w = 261, .box_w = 13, .box_h = 20, .ofs_x = 1, .ofs_y = 0},
    {.bitmap_index = 13400, .adv_w = 261, .box_w = 14, .box_h = 20, .ofs_x = 1, .ofs_y = 0},
    {.bitmap_index = 13680, .adv_w = 261, .box_w = 14, .box_h = 19, .ofs_x = 1, .ofs_y = 1},
    {.bitmap_index = 13946, .adv_w = 261, .box_w = 12, .box_h = 20, .ofs_x = 2, .ofs_y = 0},
    {.bitmap_index = 14186, .adv_w = 261, .box_w = 14, .box_h = 19, .ofs_x = 1, .ofs_y = 0},
    {.bitmap_index = 14452, .adv_w = 261, .box_w = 11, .box_h = 19, .ofs_x = 1, .ofs_y = 1},
    {.bitmap_index = 14661, .adv_w = 261, .box_w = 13, .box_h = 19, .ofs_x = 1, .ofs_y = 0},
    {.bitmap_index = 14908, .adv_w = 261, .box_w = 14, .box_h = 19, .ofs_x = 1, .ofs_y = 1},
    {.bitmap_index = 15174, .adv_w = 261, .box_w = 14, .box_h = 19, .ofs_x = 1, .ofs_y = 1},
    {.bitmap_index = 15440, .adv_w = 261, .box_w = 14, .box_h = 20, .ofs_x = 1, .ofs_y = 0},
    {.bitmap_index = 15720, .adv_w = 261, .box_w = 14, .box_h = 20, .ofs_x = 1, .ofs_y = 0},
    {.bitmap_index = 16000, .adv_w = 261, .box_w = 14, .box_h = 20, .ofs_x = 1, .ofs_y = 0},
    {.bitmap_index = 16280, .adv_w = 261, .box_w = 14, .box_h = 19, .ofs_x = 1, .ofs_y = 1},
    {.bitmap_index = 16546, .adv_w = 261, .box_w = 14, .box_h = 20, .ofs_x = 1, .ofs_y = 0},
    {.bitmap_index = 16826, .adv_w = 261, .box_w = 12, .box_h = 18, .ofs_x = 2, .ofs_y = 2},
    {.bitmap_index = 17042, .adv_w = 261, .box_w = 14, .box_h = 19, .ofs_x = 1, .ofs_y = 0},
    {.bitmap_index = 17308, .adv_w = 261, .box_w = 11, .box_h = 19, .ofs_x = 1, .ofs_y = 1},
    {.bitmap_index = 17517, .adv_w = 261, .box_w = 14, .box_h = 19, .ofs_x = 1, .ofs_y = 1},
    {.bitmap_index = 17783, .adv_w = 261, .box_w = 8, .box_h = 15, .ofs_x = 4, .ofs_y = 3},
    {.bitmap_index = 17903, .adv_w = 261, .box_w = 8, .box_h = 15, .ofs_x = 4, .ofs_y = 3},
    {.bitmap_index = 18023, .adv_w = 261, .box_w = 12, .box_h = 20, .ofs_x = 2, .ofs_y = 0},
    {.bitmap_index = 18263, .adv_w = 261, .box_w = 4, .box_h = 15, .ofs_x = 6, .ofs_y = 3},
    {.bitmap_index = 18323, .adv_w = 261, .box_w = 14, .box_h = 20, .ofs_x = 1, .ofs_y = 0}
};

/*---------------------
 *  CHARACTER MAPPING
 *--------------------*/

static const uint8_t glyph_id_ofs_list_3[] = {
    0, 0, 1, 2, 3, 4, 5, 6,
    7, 8, 9, 10, 11, 12, 13, 14,
    15, 16, 17, 18, 19, 20, 21, 22,
    23, 24, 25, 26, 27, 28, 29, 0,
    30, 0, 31
};

/*Collect the unicode lists and glyph_id offsets*/
static const lv_font_fmt_txt_cmap_t cmaps[] =
{
    {
        .range_start = 32, .range_length = 3, .glyph_id_start = 1,
        .unicode_list = NULL, .glyph_id_ofs_list = NULL, .list_length = 0, .type = LV_FONT_FMT_TXT_CMAP_FORMAT0_TINY
    },
    {
        .range_start = 36, .range_length = 23, .glyph_id_start = 4,
        .unicode_list = NULL, .glyph_id_ofs_list = NULL, .list_length = 0, .type = LV_FONT_FMT_TXT_CMAP_FORMAT0_TINY
    },
    {
        .range_start = 60, .range_length = 31, .glyph_id_start = 27,
        .unicode_list = NULL, .glyph_id_ofs_list = NULL, .list_length = 0, .type = LV_FONT_FMT_TXT_CMAP_FORMAT0_TINY
    },
    {
        .range_start = 92, .range_length = 35, .glyph_id_start = 58,
        .unicode_list = NULL, .glyph_id_ofs_list = glyph_id_ofs_list_3, .list_length = 35, .type = LV_FONT_FMT_TXT_CMAP_FORMAT0_FULL
    }
};

/*--------------------
 *  ALL CUSTOM DATA
 *--------------------*/

#if LVGL_VERSION_MAJOR == 8
/*Store all the custom data of the font*/
static  lv_font_fmt_txt_glyph_cache_t cache;
#endif

#if LVGL_VERSION_MAJOR >= 8
static const lv_font_fmt_txt_dsc_t font_dsc = {
#else
static lv_font_fmt_txt_dsc_t font_dsc = {
#endif
    .glyph_bitmap = glyph_bitmap,
    .glyph_dsc = glyph_dsc,
    .cmaps = cmaps,
    .kern_dsc = NULL,
    .kern_scale = 0,
    .cmap_num = 4,
    .bpp = 8,
    .kern_classes = 0,
    .bitmap_format = 0,
#if LVGL_VERSION_MAJOR == 8
    .cache = &cache
#endif
};

/*-----------------
 *  PUBLIC FONT
 *----------------*/

/*Initialize a public general font descriptor*/
#if LVGL_VERSION_MAJOR >= 8
const lv_font_t ui_font_dseg14_classic_bold_20 = {
#else
lv_font_t ui_font_dseg14_classic_bold_20 = {
#endif
    .get_glyph_dsc = lv_font_get_glyph_dsc_fmt_txt,    /*Function pointer to get glyph's data*/
    .get_glyph_bitmap = lv_font_get_bitmap_fmt_txt,    /*Function pointer to get glyph's bitmap*/
    .line_height = 20,          /*The maximum line height required by the font*/
    .base_line = 0,             /*Baseline measured from the bottom of the line*/
#if !(LVGL_VERSION_MAJOR == 6 && LVGL_VERSION_MINOR == 0)
    .subpx = LV_FONT_SUBPX_NONE,
#endif
#if LV_VERSION_CHECK(7, 4, 0) || LVGL_VERSION_MAJOR >= 8
    .underline_position = -2,
    .underline_thickness = 1,
#endif
    .dsc = &font_dsc,          /*The custom font data. Will be accessed by `get_glyph_bitmap/dsc` */
#if LV_VERSION_CHECK(8, 2, 0) || LVGL_VERSION_MAJOR >= 9
    .fallback = NULL,
#endif
    .user_data = NULL,
};

#endif /*#if UI_FONT_DSEG14_CLASSIC_BOLD_20*/